Day;θ 10;θ 20;θ 30;θ 40;θ 50;θ 60;Sap_Flow;Potenziali PD;Potenziali MD;P;I;Tmin;Tmax;RHmin;RHmax;Rshw dwn;U 2m;ET0;NDVI;NDWI
29/03/18;24,85;25,47;24,18;23,88;29,89;35,95;;;;0,25;;6,33;22,5;33,6;99,9;23,75;0,2;3,1;0,83;0,40
30/03/18;23,57;25,18;24,11;23,85;29,9;35,97;;;;0,51;;18,44;27,22;19;38;13,41;1,93;4,66;;
31/03/18;21,74;24,59;23,86;23,76;29,93;36,03;;;;0;;14,33;23,28;26,6;59,5;20,31;1,57;4,13;;
01/04/18;19,87;23,78;23,38;23,51;29,88;36,07;;;;0;;12,33;18,83;33,5;57,2;25,23;3,06;4,78;0,77;0,36
02/04/18;18,47;23,1;22,93;23,21;29,73;36;;;;0;;3,89;18,44;36,4;94,7;24,09;0,3;2,97;;
03/04/18;17,49;22,61;22,57;23;29,61;35,95;;;;0;;7,06;25,94;24,7;95,4;19,95;2,13;4,46;;
04/04/18;16,7;22,15;22,3;22,91;29,63;35,99;;;;0;;9,78;22,89;33,1;94,2;19,5;0,33;2,93;;
05/04/18;16,01;21,64;21,95;22,8;29,61;36,07;;;;0;;8,83;22,06;39,9;99,5;18,44;1,15;3,18;;
06/04/18;15,4;21,08;21,59;22,64;29,52;36,06;;;;0;;6,89;20,5;47;97;25,38;0,7;3,5;0,78;0,36
07/04/18;14,91;20,58;21,2;22,44;29,39;36,02;;;;0;;4,39;21,56;37;99,9;23,92;0,2;3,17;;
08/04/18;14,56;20,18;20,86;22,32;29,3;35,99;;;;8,13;;9,22;26,22;28,9;93,9;20,66;3,62;5,32;0,66;0,33
09/04/18;14,1;19,75;20,5;22,28;29,27;36,07;;;;0,25;;13,28;21,78;33,4;88,2;17,41;0,47;2,89;;
10/04/18;13,66;19,33;20,18;22,13;29,19;36,12;;;;1,78;;7,17;20,22;45,7;98,9;11,24;0;1,79;;
11/04/18;13,75;19,21;19,98;22,01;29,08;36,09;;;;2,54;;13,06;24,78;40,8;93,3;15,46;1,1;3,17;;
12/04/18;13,59;19,1;19,89;21,98;29,07;36,14;;;;0,76;;10,78;24,17;47,9;97,5;15,87;0,27;2,67;;
13/04/18;13,54;18,92;19,54;21,69;28,89;36,13;;;;0;;8,94;21,17;54,7;99,9;24,45;0,43;3,51;0,71;0,22
14/04/18;13,26;18,72;19,41;21,6;28,85;36,15;;;;0;;9,61;22,83;33,1;99,9;6,23;0,48;1,72;;
15/04/18;16,33;20,61;20,64;22,16;29,26;36,23;;;;41,66;;14,33;23,22;34,5;95,4;14,89;1,15;3,14;;
16/04/18;26,88;27,06;25,77;25,47;31,16;36,89;;;;0;;11,5;22,78;38,6;97,9;23,64;0,6;3,7;;
17/04/18;24,75;26,03;25,13;25,16;30,94;37,01;;;;0;;9,33;20,94;59,4;99,2;25,68;0,04;3,64;;
18/04/18;23,91;25,65;24,89;24,99;30,81;37,02;;;;1,02;;11,11;20,44;70,8;99,5;15,17;0;2,43;;
19/04/18;23,37;25,31;24,64;24,79;30,71;37,02;;;;0,25;;10,39;22,67;48,9;99,9;24,45;0;3,58;;
20/04/18;22,68;24,95;24,41;24,67;30,63;37,02;;;;0;;10,5;22,83;53,2;99,8;24,26;0,18;3,66;;
21/04/18;22,06;24,6;24,23;24,61;30,59;37,06;;;;0;;11,39;22,72;54;99,9;21,78;0,04;3,34;;
22/04/18;21,49;24,25;24,01;24,51;30,55;37,1;;;;1,27;;12,5;24,28;49,9;99,5;27,21;0,3;4,22;;
23/04/18;20,87;23,86;23,79;24,43;30,53;37,15;;;;0;;10,78;24,22;43,9;99,1;27,24;0,14;4,09;0,68;0,16
24/04/18;19,94;23,37;23,45;24,31;30,46;37,18;;;;0;;9,39;27,5;32,1;95,2;27,12;0,09;4,12;;
25/04/18;19,18;22,88;23,12;24,15;30,4;37,22;;;;0;;9,61;25,61;29,5;92,6;26,45;0,22;4,01;;
26/04/18;18,56;22,53;22,9;24,03;30,35;37,24;;;;0;;10,22;25,11;39,6;93,1;22,85;0;3,49;;
27/04/18;18,04;22,22;22,71;23,9;30,3;37,29;;;;0;;12,72;24,5;48,2;97,6;12,93;0;2,3;;
28/04/18;17,48;21,86;22,47;23,73;30,2;37,33;;;;0,25;;9,83;24,22;33,2;99,2;13,73;0,14;2,42;;
29/04/18;17,13;21,65;22,19;23,52;30,03;37,3;;;;0;;12,67;28,83;32,1;90,6;25,79;0,32;4,34;;
30/04/18;16,63;21,4;22,02;23,42;29,99;37,4;;;;0;;13,17;23,28;56,3;90,6;23,35;0,57;3,84;;
01/05/18;16,21;21,14;21,72;23,24;29,91;37,43;;;;0;;12,72;23,67;57,5;98,8;23,19;0,33;3,78;0,65;0,14
02/05/18;15,8;20,93;21,46;23,07;29,86;37,48;;;;3,05;;16,67;27,17;39,3;93,9;12,97;2,1;3,78;;
03/05/18;17,88;20,86;21,1;22,82;29,75;37,48;;;;7,87;;14,33;19,39;56,9;90,7;10,19;0,27;1,97;;
04/05/18;23,52;21,77;20,65;22,48;29,52;37,35;;;;0;;15,22;20,89;57,5;79;14,14;0,88;2,79;;
05/05/18;24,57;22,87;20,35;22,2;29,31;37,21;;;;3,81;;11,94;21,72;57,4;96,8;16,53;0,22;2,79;;
06/05/18;23,13;22,5;20,24;22,05;29,2;37,15;;;;0;;11,61;21,94;63;98,7;24,67;0,04;3,84;;
07/05/18;21,89;21,85;20,11;21,89;29,13;37,14;;;;0;;10,78;21,94;56,6;99,7;27,43;0,16;4,16;;
08/05/18;20,92;21,26;19,95;21,74;29,05;37,15;;;;0;;11,78;21,72;55,6;98,7;13,21;0,37;2,42;;
09/05/18;20,15;20,74;19,71;21,48;28,89;37,08;;;;0,25;;10;21,56;59,3;99,9;28,39;0,28;4,26;;
10/05/18;19,53;20,48;19,67;21,37;28,83;37,09;;;;0;;13,56;22,72;60,5;97,8;23,89;0,47;3,91;;
11/05/18;18,86;20,22;19,58;21,25;28,79;37,17;;;;0;;12,72;23,17;61,6;99,5;28,5;0,3;4,52;0,67;0,17
12/05/18;18,25;20,02;19,52;21,13;28,73;37,22;;;;0,25;;12,28;23,78;59,6;99,4;28,29;0,05;4,49;;
13/05/18;17,7;19,87;19,47;21,02;28,69;37,29;;;;0;;12,56;25,44;53,1;97,6;28,55;0,16;4,64;0,69;0,14
14/05/18;16,91;19,59;19,38;20,88;28,62;37,38;;;;0;;12,56;20,22;50,7;87,7;8,92;0,66;2,05;;
15/05/18;16,26;19,26;19,13;20,51;28,37;37,27;;;;0;;10,56;21,94;43,1;97,1;16,41;0,09;2,73;;
16/05/18;15,65;19,05;18,98;20,29;28,18;37,18;;;;0;;9,33;21,28;42,6;91,6;22,2;0,16;3,41;0,66;0,17
17/05/18;15,25;18,91;18,84;20,08;27,99;37,08;;;;0;;10,5;23,44;54,2;98;25,43;0,04;4,01;;
18/05/18;21,85;20,74;18,91;20,06;27,91;37,08;;;;12,7;;16,67;23,5;62,1;97,3;10,41;0;2,07;;
19/05/18;23,97;21,47;18,97;20,06;27,88;37,13;;;;0;;16,72;22,94;67,7;94,7;18,11;0;3,2;;
20/05/18;22,46;20,62;18,92;19,96;27,8;37,14;;;;0;;15,06;25,06;62,8;98,6;20,35;0;3,57;;
21/05/18;21,51;20,11;18,93;19,91;27,72;37,16;;;;0;;16,33;26,44;52,8;99,7;18,49;0;3,35;;
22/05/18;22,68;21,63;20,19;20,29;27,77;37,27;;;;11,68;;15,89;25,44;56,4;98,2;22,2;0,21;3,92;;
23/05/18;26,2;25,81;22,77;20,55;27,55;37,2;;;;0,25;;15,44;25,33;44,5;97,3;24,5;0,47;4,3;0,67;0,16
24/05/18;24,03;24,25;21,21;19,9;27,38;37,15;;;;0;;13,11;24,06;59,6;97,9;27,62;0,43;4,55;;
25/05/18;22,88;23,24;20,31;19,68;27,28;37,14;;;;0;;13,61;24,22;59,6;98,4;27,42;0;4,51;;
26/05/18;21,91;22,36;19,73;19,58;27,2;37,14;;;;0;;14,06;25,83;61,2;98,9;27,29;0;4,63;0,71;0,15
27/05/18;20,99;21,62;19,37;19,54;27,15;37,22;;;;0;;16,5;29,17;44,7;99,5;27,47;0,07;4,87;;
28/05/18;20,03;20,94;19,11;19,49;27,08;37,3;;;;0;;16,61;29,11;42,8;97,9;22,75;0,2;4,2;;
29/05/18;19,14;20,47;19,01;19,49;27,02;37,4;;;;0;;18,83;29,17;30,1;94,2;20,19;0,08;3,74;;
30/05/18;18,13;20;18,86;19,43;26,92;37,48;;;;0;;18,56;27,89;30;93,1;26,96;0,25;4,78;;
31/05/18;17,31;19,64;18,72;19,31;26,78;37,5;;;;0;;15,44;27,22;56,3;97;27,01;0,28;4,77;0,70;0,10
01/06/18;16,61;19,37;18,63;19,22;26,66;37,53;;;;0;;17,44;28,83;51;98,9;25,82;0;4,66;;
02/06/18;15,99;19,15;18,51;19,11;26,52;37,52;;;;0;;15,89;31;32,9;95,7;26,81;0;4,69;0,58;0,07
03/06/18;15,42;19,02;18,49;19,07;26,45;37,56;;;;0;;16,83;31,94;37,8;92,6;25,97;0,07;4,75;;
04/06/18;14,78;18,83;18,42;19,01;26,39;37,6;;;;0;;16;29,83;38,5;94,7;20,98;0,21;3,96;;
05/06/18;14,28;18,72;18,35;18,93;26,29;37,6;;;;0;;16,22;27,67;55,7;95,8;25,32;0,48;4,65;;
06/06/18;13,71;18,6;18,26;18,85;26,19;37,58;;;;0;;15,78;28;50,3;99;27,21;0,09;4,8;;
07/06/18;13,44;18,65;18,24;18,8;26,09;37,54;;;;0;;19,33;29,11;53,5;96;25,35;0;4,7;;
08/06/18;12,99;18,65;18,3;18,84;26,1;37,59;;;;0;;17,83;27,33;44,5;97,1;24,06;1,24;4,81;;
09/06/18;12,45;18,42;18,15;18,73;26,02;37,56;;;;0;;17,28;28,67;44;91,3;26,42;0,43;4,89;;
10/06/18;12,11;18,31;18,07;18,64;25,92;37,48;;;;0;;16,67;30,83;33;97,9;28,36;0;4,98;;
11/06/18;11,8;18,34;18,1;18,93;27,86;38,11;;;;0;9,3;16,22;29,94;33,3;88,1;26,72;0,14;4,73;;
12/06/18;11,61;18,42;18,23;19,9;30,08;38,97;;;;0;;18,56;28,94;57,4;97,9;26,5;0;4,9;;
13/06/18;11,36;18,4;18,29;20,09;29,89;39,07;;;;0;;16,89;29,56;33,6;95,4;22,68;0,87;4,69;;
14/06/18;11,23;18,17;18,2;20;29,6;39,06;;;;10,67;;19,17;24,44;52;89,9;19,88;0,6;3,81;;
15/06/18;22,23;18,23;17,9;19,67;29,14;38,81;;;;7,87;;18,89;26,89;54,4;90,2;18,56;0,92;3,86;0,42;0,08
16/06/18;20,38;18,12;17,92;19,56;28,8;38,61;;;;0;;16,94;27,94;48,5;93,5;26,4;0,8;4,99;;
17/06/18;18,63;18,18;18;19,53;28,57;38,54;;;;0;;17,33;27,94;51,3;93,5;28,72;0,53;5,24;;
18/06/18;17,32;18,21;18,05;19,47;28,34;38,49;;;;0;;16,56;28,06;47,6;92,2;27,23;0,33;4,91;;
19/06/18;16,47;18,35;18,2;19,49;28,18;38,5;;;;0;;18,39;28,56;53,9;96,4;27,13;0,21;5;;
20/06/18;15,65;18,39;18,3;19,51;28,01;38,56;;;;0;;20,56;29,89;43,8;95,1;24,55;0,06;4,62;;
21/06/18;14,91;18,27;18,25;19,67;29,36;38,98;;-0,63;-1,18;0;6;18,78;28,28;60;97,8;21,38;0;4,04;;
22/06/18;14,53;18,31;18,29;20,21;30,27;39,25;;;;0;;18,56;28,28;59,9;99,2;27,93;0,16;5,14;;
23/06/18;14,11;18,36;18,39;20,36;30,08;39,27;;;;0;;17,67;29,39;46,9;96,2;25,77;0,23;4,78;;
24/06/18;13,77;18,42;18,42;20,33;29,82;39,25;;;;0;;18,89;29,83;39,1;91,1;22,98;0,59;4,61;;
25/06/18;26,38;27,46;26,74;25,8;31,51;39,57;;;;39,88;;17,33;27,28;50,1;97;24,21;0,57;4,53;0,61;0,12
26/06/18;26,21;27,43;26,67;26,13;31,64;39,61;;;;5,59;;19,72;26,78;46,5;81,8;27,86;1,02;5,34;;
27/06/18;24,06;26,51;26,23;25,96;31,63;39,56;;;;0;;17,67;27,61;38,8;89,4;23,48;1,02;4,74;0,64;0,12
28/06/18;22,29;25,69;25,57;25,65;31,5;39,5;;-0,43;-1,1;0;;18,5;29,89;30,4;85,1;27,8;0,81;5,47;;
29/06/18;20,86;24,86;24,9;25,33;31,35;39,49;;;;0;;19,72;31,61;25,5;89,1;26,53;0,94;5,58;;
30/06/18;19,59;23,98;24,2;24,98;31,17;39,48;;;;0;;17,28;30,17;37,1;98;26,58;0;4,73;0,54;0,12
01/07/18;18,31;23,22;23,4;24,61;30,96;39,46;;;;0;;16,28;31,56;44,2;95,4;27,57;0;5;;
02/07/18;17,21;23,06;22,64;24,86;31,85;39,84;;-0,39;-1,19;0;6;17,94;31,67;35;93,9;25,59;0,22;4,82;0,60;0,14
03/07/18;16,35;23,02;22,25;25,43;32,18;40,04;;;;0;;20,94;29,56;65,3;97,9;20,98;0;4,14;;
04/07/18;15,63;22,49;21,98;26,04;32,91;40,43;;-0,33;;0;6,1;19,67;30,72;55,2;98,9;26,56;0;5,04;;
05/07/18;14,94;21,92;21,9;26,3;32,77;40,36;;;;0;;19,5;32,39;48,9;98,7;25,35;0,04;4,89;0,49;0,14
06/07/18;14,56;21,65;22,01;26,7;33,4;40,68;;-0,33;;0;6;19,89;32,39;38,4;99,5;28,43;0,75;5,75;;
07/07/18;14,06;21,33;22,06;26,79;33,24;40,65;;;;0;;17,56;30,06;52,8;86,9;27,94;1,02;5,47;;
08/07/18;13,65;21,09;21,94;26,22;32,85;40,57;;;;0;;17,5;30,22;45,8;94;27,26;0,38;5,1;;
09/07/18;13,21;20,87;21,76;26,55;33,6;40,92;;;-0,95;0;6;19,39;30,56;52,2;95,7;27,95;0,44;5,36;;
10/07/18;12,98;20,77;21,73;26,95;33,6;40,94;;-0,38;;0;;18,89;30,67;45,1;97,8;27,32;0,3;5,16;;
11/07/18;12,7;20,62;21,67;27,31;34,14;41,22;;;-1,09;0;6,1;18,67;30,67;54,8;96,4;28,08;0,18;5,28;;
12/07/18;12,61;20,58;21,85;27,48;33,93;41,17;;;;0;;18,56;34,39;35,7;97,1;27,42;0,03;5,13;;
13/07/18;12,31;20,53;21,9;27,7;34,47;41,45;;-0,39;;0;;19,22;36,61;26;87,3;26,59;0;4,91;;
14/07/18;12,08;20,51;22,1;27,73;34,38;41,39;;;;0;;20,22;35,56;27,6;85,8;25,09;0,03;4,7;;
15/07/18;11,89;20,48;22,14;26,87;33,87;41,3;;;;0;;20,61;32,89;47,6;89,8;26,81;0,18;5,21;;
16/07/18;11,77;20,44;22,05;26,78;34,53;41,58;;-0,39;-1,27;0;6;19,33;36,44;39,1;93,1;27,24;0,34;5,54;;
17/07/18;11,66;20,43;22,06;27,09;34,55;41,56;;;;0;;23,22;31,56;40,5;81,3;21,81;1,37;5,2;;
18/07/18;11,44;20,31;21,96;26,17;33,92;41,42;;;;0;;19,11;31;49,6;91,5;27,7;0,4;5,28;;
19/07/18;;;;;;;;-0,36;-1,19;0;6;17,89;32,61;28,7;95,4;28,36;0,28;5,24;;
20/07/18;11,2;20,39;21,91;26,04;34,45;41,45;;;;0;;18,44;31,78;47,5;93,1;27,41;0,02;5,05;;
21/07/18;11,17;20,15;21,61;25,46;33,94;41,34;;;;0;;17,67;35;31,1;85,9;24,83;0,04;4,58;;
22/07/18;11,28;20,41;21,74;24,44;33,02;41,22;;;;0;;24,61;35,78;7,7;89;24,15;0,59;5,24;;
23/07/18;11,16;20,3;21,62;23,92;33,92;41,5;;-0,53;;1,02;;24,56;35,28;19;91,6;25,68;1,47;6,4;;
24/07/18;10,99;20,14;21,46;23,97;34,38;41,57;;;;0;6;21,89;30,17;48,9;86,6;27,87;1,02;5,62;;
25/07/18;10,88;20,05;21,31;23,47;33,45;41,37;;;;0;;20;33,22;32,4;95,1;25,38;0,78;5,31;0,49;0,04
26/07/18;10,78;19,97;21,16;23,3;34,26;41,53;;-0,43;-1,25;0;6;18,33;33,17;27,6;83,5;25,95;0,04;4,58;;
27/07/18;10,77;19,94;21,12;23,62;34,58;41,52;;;;0;;18,89;31,56;45,3;88;26,39;0,19;4,91;;
28/07/18;10,76;19,9;21,08;23,28;33,64;41,34;;;;0;;18,17;31,56;49,3;90,5;27,72;0,29;5,18;;
29/07/18;10,58;19,72;21,04;23,05;33,13;41,25;;;;0;;18;33,67;28,3;87,7;26,26;0,41;5,04;;
30/07/18;;;;;;;;-0,5;-1,15;0;5,9;18,89;31,33;51,8;87,4;27,12;0,48;5,18;;
31/07/18;10,93;20,02;21,02;23,04;34,05;41,41;;;;0;;20,5;32,78;50,2;94,9;26,98;0,35;5,28;;
01/08/18;10,87;19,98;21,06;22,96;33,4;41,35;;;;0;;21,61;32,06;54;96,2;26,05;0,15;5,06;;
02/08/18;10,83;19,95;21,03;23,02;34,31;41,57;;-0,46;-1,28;0;6;20,89;34,83;35,6;87,9;26,15;0,21;5,05;;
03/08/18;10,92;20,05;21,13;23,51;34,85;41,69;;;;0;;22,11;32,78;54,5;92;25,75;0,28;5,11;;
04/08/18;18,33;24,22;24,04;24,33;34,67;41,72;;;;26,67;;21,44;32,72;55,9;96,2;13,23;0,02;2,81;;
05/08/18;27,57;29,18;27,17;24,77;33,74;41,49;;;;0;;21,5;31,06;53,1;98,8;18,14;0;3,58;;
06/08/18;24,39;27,13;25,18;23,97;32,87;41,12;;-0,33;;0;;20,78;31;49,4;95,9;24,98;0;4,64;;
07/08/18;21,88;25,53;23,84;23,53;32,38;40,92;;;;0;;20,89;31,39;56,1;97,1;27,24;0;5,11;;
08/08/18;19,95;24,15;22,86;23,32;32,14;40,83;;;;1,52;;22,94;30,22;61,1;93,2;11,68;0;2,49;;
09/08/18;18,85;23,08;22,08;23,14;31,85;40,71;;;;0;;22,5;31,5;54,3;98,2;24,69;0;4,74;;
10/08/18;17,7;22,13;21,45;23,01;31,39;40,62;;;-1,01;0;;21,94;31,78;58,2;99,5;25,83;0,05;4,99;;
11/08/18;16,58;21,38;20,95;22,9;30,79;40,56;;;;0;;22,33;31,61;55,9;99,4;26,58;0,15;5,12;;
12/08/18;15,64;20,85;20,55;22,77;30,3;40,48;;;;0;;21,72;32,11;59,2;97,4;24,52;0;4,74;;
13/08/18;14,81;20,44;20,23;22,69;31,27;40,7;;-0,42;;0;6,1;19,67;31,28;38,7;94,7;18,27;0;3,4;;
14/08/18;14,34;20,33;20,1;22,87;32,25;40,97;;;;0;;21,78;31,78;45,3;94,8;25,8;0,05;4,78;;
15/08/18;13,78;20,11;20,01;22,9;31,6;40,96;;;;6,1;;21,22;30,67;50,8;94,7;11,49;0,39;2,64;;
16/08/18;13,5;19,71;19,63;22,83;32,49;41,11;;;;0;6;20,89;29,44;53,8;95,5;19,99;0,38;3,89;;
17/08/18;13,49;19,69;19,6;23,23;32,88;41,11;;;;0;;20,17;30,44;54,5;96;23,52;0,35;4,45;;
18/08/18;13,46;19,77;19,71;23,19;32;40,97;;;;0;;19,72;31;54,6;99,5;19,84;0,25;3,85;;
19/08/18;15,29;21,06;20,75;23,51;31,37;40,87;;;;23,11;;21,11;30,72;55,7;95,1;22,5;0,08;4,22;;
20/08/18;29,66;30,48;27,11;26,9;31,72;40,72;;;;6,1;;20,11;27,5;66,1;98,3;13,95;0;2,71;;
21/08/18;29,19;30,49;26,65;26,07;30,98;40,51;;;;0;;19,72;29,22;56,3;99,9;17,73;0;3,31;;
22/08/18;26,03;28,6;25,25;25,61;30,64;40,38;;;;0,25;;20,33;28,78;53,6;94,8;17,44;0;3,23;;
23/08/18;25,07;27,25;24,16;25,05;30,43;40,25;;;;4,57;;19,78;28,33;59,6;97;14,02;0,03;2,71;;
24/08/18;30,31;29,33;23,59;24,67;30,36;40,12;;;;8,38;;19,17;26,56;66,8;99,5;11,53;0;2,27;;
25/08/18;28,69;29,58;23,52;24,32;30,21;39,97;;;;0;;19,72;31,17;43,7;99,5;25,06;0,3;4,57;;
26/08/18;24,24;27,54;22,73;23,88;29,93;39,92;;;;0;;21,44;30,22;35,1;81,1;22,8;0,79;4,53;;
27/08/18;20,03;25,38;21,72;23,27;29,53;39,8;;;;0;;21,11;28,17;41,3;75,1;14;0,99;3,39;;
28/08/18;17,14;23,46;20,95;22,74;29,12;39,59;;;-0,98;0;;18,89;28,28;50,3;93,7;25,08;0,31;4,34;;
29/08/18;15,36;22,05;20,44;22,44;28,84;39,47;;;;0;;17,72;28,61;57,6;98,9;24,42;0;4,16;;
30/08/18;14,49;21,13;19,97;22,32;29,86;39,67;;-0,36;-0,99;0;6,1;18,83;28,78;59,4;99,8;23,8;0;4,14;;
31/08/18;13,87;20,51;19,63;22,48;31,04;40,03;;;;0;;18,44;29,61;54,2;99,5;24,13;0;4,16;0,85;0,25
01/09/18;13,36;20,01;19,35;22,55;30,53;40;;;;0;;16,61;30,22;53,7;97,1;23,7;0;4,03;;
02/09/18;13,02;19,71;19,15;22,53;29,86;39,89;;;;0;;18,61;30,11;47,3;97,1;19,06;0,07;3,38;;
03/09/18;12,74;19,5;19,01;22,68;30,94;40,13;;-0,41;-1,26;0;6,2;18,94;30,61;43,6;99,6;23,55;0,01;4;0,81;0,28
04/09/18;12,46;19,3;18,91;23,12;31,66;40,34;;;;0;;17,28;30,89;35,6;99,5;22,51;0;3,69;;
05/09/18;12,29;19,21;18,88;23,39;30,73;40,21;;;;0;;18;31;37,7;94,7;23,16;0;3,79;0,77;0,19
06/09/18;12,15;19,14;18,89;23,68;31,7;40,47;;-0,44;-1,18;0;6,1;18,89;30,5;53,8;98,1;22,43;0;3,89;;
07/09/18;12,07;19,13;18,97;24,25;32,19;40,6;;;;0;;19,61;32,83;36;97,2;19,53;0,15;3,53;;
08/09/18;12,03;19,16;19,08;24,45;31,12;40,44;;;;0;;20,44;30,33;48,1;94,7;22,83;0,19;4;;
09/09/18;11,87;19,08;19,08;24,46;30,21;40,29;;;;0;;18,61;29,83;52,8;99,6;15,14;0;2,74;;
10/09/18;11,79;19,08;19,07;24,62;31,28;40,43;;-0,49;;0;6,2;20,56;30,11;56,1;95,2;11,79;0;2,29;;
11/09/18;11,78;19,14;19,17;25,07;32,15;40,56;;;;0;;20,17;29,72;51,8;97,6;19,66;0,14;3,47;;
12/09/18;11,71;19,12;19,21;25,17;31,3;40,41;;;;0;;16,67;30,44;51,2;99,9;22,86;0,28;3,9;;
13/09/18;11,57;19;19,15;25,25;32,21;40,58;;-0,47;;0;6,1;16,94;28,39;40,5;97,1;8,13;0;1,64;;
14/09/18;11,53;18,97;19,15;25,69;33;40,6;;;;3,56;;18,67;28,78;47,8;97,1;11,87;0;2,17;;
15/09/18;11,82;19,01;19,21;25,59;32,31;40,41;;;;0;;19,28;28,72;56,4;99,9;20,78;0;3,48;;
16/09/18;11,8;18,96;19,15;25,17;31,28;40,21;;;;0,25;;17,06;29,28;57,2;99,7;19,23;0;3,2;;
17/09/18;11,85;18,97;19,09;24,72;30,22;39,95;;-0,44;;0;;18,44;29,83;55,7;99,7;18,53;0;3,15;;
18/09/18;11,82;18,96;19,07;24,41;29,42;39,72;;;;0;;19;29,94;47,2;99,5;17,82;0;2,99;;
19/09/18;11,8;19,01;19,09;24,19;28,82;39,49;;;;0,25;;21,17;31,67;44,6;93,1;13,49;0,06;2,51;;
20/09/18;16,21;20,24;19,58;23,96;28,41;39,26;;;;8,13;;21,11;31,06;47,2;97,6;13,46;0,01;2,46;;
21/09/18;19,47;20,78;19,29;23,8;28,17;39,04;;;;0;;21,33;30,5;43,6;88,3;18,09;0,52;3,38;;
22/09/18;20,47;19,68;18,94;23,7;27,99;38,86;;;;3,81;;20,5;29,78;55,8;97,4;10,06;0,33;2,13;;
23/09/18;20,82;19,47;18,85;23,54;27,82;38,68;;;;0;;18,94;29,06;62,4;99,9;19,33;0;3,22;0,76;0,17
24/09/18;17,18;19,39;18,9;23,51;28,03;38,66;;-0,54;;0,25;4,3;19,33;30,5;47,7;97,3;17,58;0,21;3,04;;
25/09/18;19,92;22,78;21,53;25,12;29,46;38,93;;;;24,64;;18,11;28,5;61,2;99,4;15,03;0,27;2,64;;
26/09/18;29,15;30,74;27,57;29,77;31,44;39,14;;;;2,29;;19,11;23,78;45,6;99,5;12,63;1,15;2,58;;
27/09/18;24,38;28,08;25,3;28,11;31,11;39,1;;-0,45;;3,3;;15,39;23,22;38;86,6;11,39;1,47;2,75;;
28/09/18;24,6;26,68;24,07;26,96;30,79;38,96;;;;0,25;;12,89;24,56;34,9;97,6;16,5;0,22;2,38;0,65;0,17
29/09/18;21,87;25,68;23,25;26,28;30,47;38,81;;;;0;;15,33;26,39;46,4;93;18,44;0,23;2,74;;
30/09/18;19,43;24,53;22,51;25,68;30,15;38,72;;;;0;;13,72;26,83;55,3;99,7;19,03;0,1;2,76;0,78;0,17
01/10/18;17,29;23,31;21,73;25,12;29,75;38,63;;;;0,25;;14,44;28,06;46,5;99;16,15;0,25;2,53;;
02/10/18;15,71;21,98;20,9;24,62;29,38;38,56;;;;0,25;;16,78;23,5;51,2;88,3;5,34;0;1,14;;
03/10/18;22,8;26,19;23,32;24,68;29,15;38,52;;;;30,73;;15,22;21,78;78,1;99,1;3,63;0;0,91;;
04/10/18;28,63;30,4;27,27;28,85;29,19;38,5;;;;1,78;;15;24,61;48,2;98,8;8,51;0,19;1,57;;
05/10/18;26,78;29,46;26;28,26;29,44;38,51;;;;0,25;;15,06;26,83;43,7;96,8;10,92;0,37;1,98;;
06/10/18;24,09;28,5;25,14;27,62;29,68;38,5;;;;0;;18;28,61;37,7;93,1;14,54;0,19;2,29;;
07/10/18;22;27,61;24,47;27,13;29,9;38,54;;;;0;;17,39;28,06;48,7;95,9;8;0,14;1,56;;
08/10/18;20,3;26,78;23,93;26,77;30,08;38,57;;;;0;;15,06;26,28;60,9;99,9;16,97;0;2,4;;
09/10/18;18,34;25,7;23,28;26,4;30,15;38,59;;;;0;;14,5;26,78;54,8;97,3;15,77;0;2,21;;
10/10/18;16,72;24,27;22,53;25,92;30,11;38,56;;;;0,25;;14,5;26,89;53,9;99,7;14,46;0;2,06;0,79;0,22
11/10/18;15,46;22,77;21,58;25,44;30,05;38,53;;;;0;;17,78;27,83;43,4;93,8;9,69;0,12;1,67;;
12/10/18;16,01;21,93;20,92;25,11;30,1;38,57;;;;2,79;;19,94;25,61;64,2;95,3;6,75;0;1,29;;
13/10/18;15,76;21,68;20,65;24,84;30,14;38,59;;;;0;;17,11;24,83;49,3;87,4;6,83;0,08;1,28;;
14/10/18;17,92;22,78;20,78;24,42;30,01;38,54;;;;25,15;;15,39;23,56;60,8;99,1;5,64;0;1,09;;
15/10/18;29,95;31,51;27,15;25,39;30,12;38,56;;;;4,57;;17,11;24,94;68,1;99,9;9,9;0;1,58;;
16/10/18;27,2;29,94;26,37;26,67;30,24;38,54;;;;0;;16,67;25,94;57,2;98,1;11,43;0,09;1,74;;
17/10/18;24,92;28,86;25,55;27,08;30,59;38,61;;;;0;;18,11;27,11;51,2;96,8;14,44;0,36;2,21;;
18/10/18;22,54;27,87;24,88;27,02;30,97;38,7;;;;0,51;;17,5;26,28;50,1;79,2;6,05;0,96;1,85;;
19/10/18;20,44;26,71;24,25;26,77;31,22;38,71;;;;0;;15,61;26,06;61,7;93,8;12,36;0;1,73;;
20/10/18;18,99;26,07;23,82;26,6;31,43;38,73;;;;0;;16,28;25,89;66,2;99,6;12,79;0,02;1,82;;
21/10/18;17,75;25,15;23,34;26,37;31,58;38,77;;;;0,25;;15,11;25,56;57,1;99,9;13,8;0;1,8;;
22/10/18;27,4;30,18;26,43;27,13;31,65;38,8;;;;17,78;;15,44;21,56;50,3;98,6;11,58;0,53;1,71;;
23/10/18;30,7;31,57;28,29;29,57;36,16;39,56;;;;24,89;;13;20,44;68,3;95,4;3,46;1,27;1,2;0,91;0,45
24/10/18;28,19;30,17;27,39;28,73;36,92;40,6;;;;0;;14,22;23,17;57,1;95,6;10,59;0,39;1,57;;
25/10/18;26,39;29,21;26,56;27,91;35,37;40,58;;;;0,25;;11,44;24,44;58,1;99,9;13,85;0;1,62;0,91;0,40
26/10/18;24,96;28,56;26,03;27,37;34,91;40,54;;;;0;;12,33;26,83;48;97,9;13,49;0,27;1,77;;
27/10/18;22,29;27,74;25,55;26,96;34,65;40,55;;;;0;;19,56;28,06;34,5;65,5;14,98;2,4;3,91;;
28/10/18;19,18;26,49;25,05;26,58;34,48;40,61;;;;0;;18,78;26,78;36,6;70,8;8,59;1,29;2,45;;
29/10/18;23,26;28;25,42;26,51;34,39;40,73;;;;17,78;;15,11;28,89;42;86;8,56;2,81;3,36;;
30/10/18;26,6;29,57;26;26,61;35,13;41,32;;;;0;;10,89;21,72;32,6;93,5;13,18;0,61;1,69;0,93;0,45
31/10/18;26,27;28,54;25,29;26,56;35,61;41,24;;;;6,1;;11,28;20,44;50,9;89;3,11;1,33;1,49;;
01/11/18;29,43;30,66;28,15;29,07;38,42;41,77;;;;38,86;;17,56;21,94;62;97,7;2,64;0,38;0,89;;
02/11/18;29,6;30,9;28,41;29,41;37,61;42,13;;;;16,26;;15,83;22,17;56,2;92;3,25;0,69;1,14;;
03/11/18;30,96;31,48;29,11;31,03;38,15;42,3;;;;60,96;;15,33;19,06;74,7;98,5;2,35;0;0,68;;
04/11/18;29,2;30,08;27,75;29,9;37,47;42,3;;;;0,25;;12,22;23,89;41,7;99,9;10,17;0,11;1,19;;
05/11/18;27,41;29,3;26,96;29,09;35,74;41,97;;;;0;;16;24,83;39,5;77,3;12,38;0,56;1,69;;
06/11/18;25,93;28,65;26,39;28,63;35,23;41,75;;;;0;;13,33;24,17;38,6;89,8;10,51;0,15;1,2;;
07/11/18;26,43;28,19;25,94;28,71;34,91;41,64;;;;1,27;;11,61;22,72;53,6;97,1;9,78;0;1,06;0,91;0,45
08/11/18;25,62;27,77;25,53;28,89;34,63;41,48;;;;0;;9,17;21,44;56,9;99,9;10,07;0;1,02;;
09/11/18;25,06;27,41;25,21;28,67;34,38;41,28;;;;0,25;;8,56;21,5;55,7;99,9;10,33;0;1,01;0,93;0,47
10/11/18;24,82;27,21;25;28,45;34,2;41,17;;;;0;;12,39;21,94;56,7;95,9;8,05;0,43;1,16;;
11/11/18;24,36;26,89;24,76;28,23;34,08;41,12;;;;0;;10,06;22,89;52,7;99,9;10,72;0;1,03;;
12/11/18;23,81;26,48;24,41;27,87;33,83;40,98;;;;0,25;;9,44;22,72;57,6;99,9;10,9;0,05;1,06;0,93;0,49
13/11/18;23,44;26,21;24,18;27,63;33,67;40,88;;;;0,25;;9,94;22,89;61,2;99,9;10,71;0,07;1,07;;
14/11/18;22,98;25,9;23,93;27,35;33,47;40,75;;;;0,25;;8,67;21,28;60;99,9;8,92;0,07;0,93;0,91;0,48
15/11/18;22,63;25,61;23,71;27,11;33,31;40,64;;;;0;;9,33;20,5;59,6;99,5;9,61;0;0,9;;
16/11/18;22,82;25,38;23,51;26,88;33,15;40,56;;;;0,76;;10,22;20,5;63,5;99,5;5,86;0,2;0,85;;
17/11/18;26,58;25,33;23,44;26,71;33,08;40,54;;;;2,29;;12,72;17,22;66,4;97,9;4,19;0,22;0,75;;
18/11/18;25,43;25,06;23,14;26,58;32,91;40,47;;;;0;;8,56;20,06;58;99,9;6,26;0;0,74;;
19/11/18;;;;;;;;;;0,25;;10,94;22,33;40,7;97,9;7,55;2,59;2,32;;
20/11/18;;;;;;;;;;0;;17,56;23,89;37,6;59,8;9,56;2,19;2,83;;
21/11/18;;;;;;;;;;;;12,06;22,28;41,9;85,1;10,09;0,3;1,01;;
22/11/18;;;;;;;;;;;;13,44;21,72;48,4;97,9;9,67;0,02;0,85;0,89;0,49
23/11/18;;;;;;;;;;;;8,78;22,44;49,8;99,9;9,82;0,89;1,31;;
24/11/18;22,61;22,79;21,27;24,91;31,44;40,06;;;;;;17;23,17;44,9;75,4;7,64;1,76;2,09;0,88;0,47
25/11/18;22,02;22,43;21,01;24,72;31,32;40,06;;;;;;16;21,78;49,6;81,6;11,43;1,21;1,61;;
26/11/18;21,13;21,84;20,48;24,3;30,93;39,98;;;;;;15,5;20,56;49,3;76;5,62;1,94;1,92;;
27/11/18;26,44;24,75;20,54;23,85;30,56;39,86;;;;;;11,56;17,72;48;88,8;5,05;1,47;1,41;;
28/11/18;32,75;31,37;28,03;30,13;34,66;40,66;;;;;;11,89;14,72;62;90,6;2,64;2,31;1,28;;
29/11/18;32,07;31,1;28,08;30,74;35,17;40,86;;;;0;;11,89;15,72;60,3;87,8;3,65;0,59;0,84;;
30/11/18;31,5;30,96;28,11;30,85;35,05;40,84;;;;0;;5,61;18,39;50,3;99,5;7,67;0;0,59;;
01/12/18;;;;;;;;;;4,06;;9,06;15,78;66,1;98,8;2,47;0,11;0,59;;
02/12/18;;;;;;;;;;11,68;;9,33;18;73,3;99,6;4,71;0,11;0,64;;
03/12/18;31,94;31,77;29,27;32,07;35,37;40,88;;;;0,25;;8,06;18,94;57,2;99,9;6,51;0;0,61;;
04/12/18;;;;;;;;;;0;;10,33;21,17;62,4;98,2;5,62;0;0,65;;
05/12/18;30,63;31,08;28,3;31,2;34,69;40,58;;;;0;;8,5;18,72;64;99,45;4,05;0;0,58;;
06/12/18;30,72;30,83;28,05;30,83;34,42;40,41;;;;2,79;;5,11;18,44;53,4;99,9;8,76;0;0,56;;
07/12/18;33,62;32,16;28,45;30,74;34,25;40,21;;;;2,54;;8,28;19,61;58,9;99,5;8,63;0;0,62;0,90;0,50
08/12/18;32,69;30,77;28,32;30,77;34,15;40,11;;;;0,25;;7,89;19,44;49,4;99,9;7,71;0,02;0,58;;
09/12/18;32,33;31,34;28,2;31,14;34,04;40,03;;;;0,51;;10,83;19,22;43,7;81,6;9,12;0;0,52;0,92;0,50
10/12/18;34,64;31,74;28,09;31,15;33,8;39,99;;;;1,02;;13,06;17,17;53,5;83,1;4,5;0;0,57;;
11/12/18;33,78;31,94;27,96;30,93;33,48;39,89;;;;0;;6,33;17,06;42,5;86,1;8,76;0,02;0,46;;
12/12/18;33,09;31,81;27,7;30,61;33,58;39,76;;;;0;;6,28;17,56;54,1;94,7;5,61;0,06;0,56;;
13/12/18;32,96;32,95;27,6;30,48;33,85;39,67;;;;0;;12,61;21,33;42,1;81,5;7,48;0;0,55;;
14/12/18;33,01;32,79;27,46;30,32;33,87;39,66;;;;0;;13,17;17,67;44,1;76,8;2,7;0;0,57;;
15/12/18;35,72;35,25;29,76;32,14;34,89;39,98;;;;6,86;;9;14,44;52;95,5;1,38;0;0,53;;
16/12/18;34,8;34,68;29,22;32,25;35,19;40,08;;;;1,27;;8,61;15,83;47,1;87,6;7,56;0;0,48;;
17/12/18;33,99;34,9;28,86;32,05;34,95;39,98;;;;0,25;;12,28;18,83;48,1;81,8;7,2;0;0,53;0,91;0,52
18/12/18;34,46;35,1;28,7;31,75;34,84;39,93;;;;0;;7,67;15,22;61,7;91,5;4,72;0;0,52;;
19/12/18;32,13;34,89;28,6;31,42;34,76;39,83;;;;0;;4,83;16,22;56,9;99,2;8,03;0,02;0,5;0,94;0,54
20/12/18;31,15;34,63;28,41;31,44;34,71;39,7;;;;0;;3,94;18,83;53;99,6;5,85;0,02;0,53;;
21/12/18;29,7;34,47;28,07;31,3;34,65;39,56;;;;0;;5,83;17,67;44,3;99,7;7,42;0,09;0,54;;
22/12/18;29,24;34,17;27,96;31,08;34,49;39,29;;;;0;;3,17;17,72;49,3;99,9;8,26;0,37;0,69;0,92;0,55
23/12/18;28,99;34,02;27,93;30,96;34,38;39,24;;;;0;;6,11;19,67;60,5;99,8;8,2;0,04;0,58;;
24/12/18;28,56;33,92;27,73;30,86;34,28;39,17;;;;0;;7,61;20,89;53,3;99,9;8,19;0,02;0,58;0,92;0,52
25/12/18;28,83;33,84;27,68;30,83;34,26;39,16;;;;0;;10,28;16,56;49,4;95,4;4,94;0;0,54;;
26/12/18;28,94;33,5;27,47;30,66;34,14;39,1;;;;0;;4,39;14,28;42,1;95,4;8,06;0;0,42;;
27/12/18;28,07;33,15;27,3;30,41;33,96;38,94;;;;0;;2,72;16,17;49,6;99,5;8,64;0;0,46;0,94;0,53
28/12/18;26,76;32,81;27,02;30,16;33,76;38,74;;;;0;;0,56;15,61;53,8;99,9;8,44;0;0,46;;
29/12/18;26,71;32,6;26,82;29,99;33,63;38,65;;;;0;;2,56;16,39;54,7;99,9;7,79;0;0,49;;
30/12/18;26,64;32,59;26,7;29,93;33,56;38,58;;;;0;;5,5;17,33;55,2;99,5;4,91;;0,53;;
31/12/18;26,92;32,31;26,12;29,91;33,55;38,59;;;;0;;;;;;;;0,53;;
01/01/19;27,73;32,95;25,93;29,75;33,47;38,56;;;;0;;5,97;13,42;44,35;80,6;4,32;0;0,49;;
02/01/19;27,44;32,78;26,02;29,54;33,34;38,46;;;;0;;3,06;15,92;53,5;93,1;4,09;0;0,51;;
03/01/19;31,43;33,76;25,96;29,41;33,26;38,37;;;;0;;4,64;11,14;51,6;85,7;2,95;0;0,49;;
04/01/19;32,53;35,48;27,16;29,27;33,09;38,21;;;;0;;1,36;6,86;41,05;95;3,18;0;0,43;;
05/01/19;32,75;35,62;28,12;29,97;33,36;38,14;;;;0;;1,31;10,5;41,25;95,4;4;0;0,46;;
06/01/19;31,48;35,42;28,16;30,42;33,91;38,35;;;;0;;2,94;14,14;58,25;96,95;5,09;0;0,51;;
07/01/19;32,03;35,25;27,99;30,41;34,02;38,43;;;;0;;2,64;15,53;50,65;99,55;7,28;0;0,52;;
08/01/19;31,93;35,04;27,81;30,33;33,98;38,41;;;;0;;1,19;15,64;34;99,7;9,11;0;0,46;0,96;0,56
09/01/19;33,15;35,32;28,27;30,33;34;38,41;;;;0;;9,64;13,61;52,15;83,7;4,8;0;0,55;;
10/01/19;34,74;36,02;29,05;30,57;34,21;38,51;;;;0;;7,28;12,33;41,5;85,3;6,66;0;0,51;;
11/01/19;33,62;35,78;28,99;30,91;34,72;38,7;;;;0;;3,61;12,08;42,1;87,8;6,57;0;0,49;0,95;0,60
12/01/19;34,83;35,87;29;30,82;34,86;38,69;;;;0;;4,47;11,39;47,7;93,9;5,59;0;0,51;;
13/01/19;34,07;35,77;29,01;30,89;34,86;38,67;;;;0;;4,06;14,47;47,45;88,25;5,58;0;0,54;;
14/01/19;34,25;35,79;28,97;30,9;34,86;38,65;;;;0;;10,61;15,61;55,85;79,65;3,92;0;0,6;;
15/01/19;34,62;36,53;29,3;31,08;35;38,78;;;;0;;2,78;16,56;48,55;90,65;5,6;0;0,57;;
16/01/19;33,59;35,59;29,07;31,01;35,03;38,82;;;;0;;0,61;14,86;34;95,1;9,78;0;0,52;0,93;0,54
17/01/19;33,27;35,19;29,14;30,83;34,88;38,71;;;;0;;7,08;16,72;43,8;84,75;7,55;0;0,61;;
18/01/19;32,59;35,11;29,28;30,75;34,81;38,61;;;;0;;4,92;18,22;37,1;97,1;9,32;0;0,63;0,91;0,51
19/01/19;32,39;34,96;29,13;30,79;34,75;38,54;;;;0;;5;16,58;54,95;98,35;8,34;0;0,67;;
20/01/19;32,48;34,77;28,94;30,75;34,68;38,49;;;;0;;5,36;17,78;41,95;97,85;8,47;0;0,66;;
21/01/19;31,74;34,54;28,81;30,66;34,61;38,42;;;;0;;7,92;14,72;57;77,5;4,2;0;0,61;;
22/01/19;32,08;33,7;28,81;30,58;34,57;38,41;;;;0;;9,06;15,56;43,25;80,05;10,07;0;0,69;;
23/01/19;32,36;34,01;28,64;30,45;34,47;38,36;;;;0;;5,25;14;43,3;82,75;7,48;0;0,63;;
24/01/19;35,95;36,92;29,27;30,57;34,43;38,3;;;;9,65;;4,19;11,83;48,35;93,5;5,68;0,26;0,72;;
25/01/19;36,52;37,29;30,24;31,53;35,12;38,59;;;;8,64;;2,97;11,75;63,2;97,25;2,89;0,73;0,75;;
26/01/19;36,14;37,11;30,34;31,65;35,48;38,78;;;;4,32;;7,67;11,64;58,5;88,4;3,65;0,76;0,87;;
27/01/19;35,22;36,88;30,41;31,53;35,39;38,8;;;;0;;4,36;16,53;43,4;95,4;11,83;0,67;1,17;;
28/01/19;35,59;36,74;30,32;31,54;35,21;38,7;;;;2,54;;7,25;15,89;29,6;75,45;12,17;1,94;2,09;0,96;0,54
29/01/19;36,16;36,6;30,25;31,47;35,09;38,63;;;;5,84;;6,83;11,61;56,15;82,4;6,27;0,64;0,94;;
30/01/19;36,08;36,51;30,54;31,63;35,16;38,57;;;;1,02;;6,36;13,94;40,65;85;6,85;0,94;1,23;;
31/01/19;35,05;35,71;30,35;31,59;35,15;38,57;;;;0,51;;10,42;15,58;39,7;53,85;10,15;2,29;2,4;0,92;0,54
01/02/19;34,58;36,07;30,14;31,57;35,12;38,55;;;;0;;13,19;20,89;28,95;58,95;11,66;4;4,05;;
02/02/19;34,08;36,32;29,9;31,55;35,13;38,61;;;;0;;12,39;23,11;26,7;76,9;9,89;1,66;2,49;;
03/02/19;33,38;35,83;29,6;31,44;35,11;38,64;;;;0;;5,11;15,67;45,9;97,65;8,55;0,51;1,08;;
04/02/19;36,11;37,04;30,45;32,03;35,47;38,75;;;;22,86;;5,72;12,14;85,3;99,5;2,61;0,27;0,6;;
05/02/19;37,32;37,92;31,34;33,13;37,19;39,26;;;;24,38;;8,89;13,94;85,2;99,5;1,24;0,53;0,59;;
06/02/19;35,17;37,78;30,61;32,41;36,19;39,09;;;;0;;10,19;15,64;65,3;92,9;7,61;0,62;1,09;;
07/02/19;34,71;37,49;30,35;32,09;35,76;38,88;;;;0;;4,11;16,25;64,5;100;10,09;0,14;1,02;0,90;0,52
08/02/19;34,31;37,19;29,88;31,77;35,44;38,77;;;;0;;2,81;15,89;55,85;100;12,83;0,09;1,1;;
09/02/19;34,12;36,91;29,21;31,55;35,22;38,55;;;;0,25;;5,72;16,61;62,4;100;12,51;0,1;1,18;;
10/02/19;33,77;36,29;29,34;31,36;35,04;38,39;;;;0,25;;2,03;16,83;37;100;14,35;0,18;1,2;0,93;0,56
11/02/19;33,52;35,99;30,02;31,23;34,91;38,28;;;;0;;11,31;18,61;29,45;64,6;11,5;2,82;3,16;;
12/02/19;33,47;36;29,92;31,1;34,83;38,28;;;;2,03;;4,17;13,36;39,1;97,05;8,2;1,15;1,4;0,89;0,53
13/02/19;33,22;35,82;30,19;30,86;34,69;38,2;;;;0,25;;4,44;13,14;39,25;99,65;13,84;1,66;1,75;;
14/02/19;32,07;35,47;30,15;30,64;34,51;38,1;;;;0;;5,67;14,47;43,8;95,05;14,54;0,72;1,52;;
15/02/19;31,36;35,25;30,04;30,5;34,4;38,03;;;;0,76;;3,5;16,47;59,1;100;14,16;0,33;1,39;0,91;0,52
16/02/19;30,93;35,06;29,99;30,41;34,3;37,98;;;;0;;5,31;14,83;46,3;99,5;9,76;0,23;1,13;;
17/02/19;29,74;34,63;29,81;30,23;34,16;37,89;;;;0;;1,31;15,75;43,4;100;15,53;0,15;1,35;0,93;0,53
18/02/19;28,92;34,28;29,6;30,06;34;37,79;;;;0,25;;1,14;15,25;59,8;100;11,23;0,19;1,18;;
19/02/19;;;;;;;;;;0;;1,86;15,81;54,8;100;11,79;0,14;1,23;;
20/02/19;27,39;33,63;29,17;29,78;33,75;37,6;;;;0,25;;3,19;15,06;65,65;100;9,39;0,22;1,12;;
21/02/19;26,93;33,33;29,03;29,74;33,71;37,58;;;;0;;4,06;16,25;48,7;99,5;10,92;0,07;1,2;;
22/02/19;26,32;32,98;28,84;29,65;33,66;37,57;;;;0;;5,22;15,19;58,95;98,7;5,55;0,56;1,05;;
23/02/19;27,9;32,78;28,6;29,54;33,6;37,6;;;;4,32;;4,03;13,33;43,05;87,2;3,68;1,91;1,61;;
24/02/19;29,88;32,82;28,28;29,28;33,44;37,5;;;;0;;9,36;11,78;50,25;61,6;6,98;1,73;1,83;;
25/02/19;29,54;32,66;28,14;29,12;33,32;37,43;;;;2,54;;5,56;13,92;37,85;93,45;11,69;0,52;1,47;0,88;0,52
26/02/19;31,43;33;28,31;28,95;33,22;37,39;;;;0,25;;1,81;14,03;47,2;98,45;17,45;0,23;1,62;;
27/02/19;29,18;32,65;28,37;28,77;33,08;37,31;;;;0,25;;2,47;17,94;46,3;99,3;17,55;0,33;1,84;0,89;0,52
28/02/19;27,72;32,26;28,27;28,61;32,96;37,26;;;;0;;2,22;17,36;46,6;96,4;17,58;0,14;1,75;;
01/03/19;26,51;31,79;28,07;28,43;32,84;37,19;;;;0;;1,03;19,58;42,55;97,05;17,46;0,37;1,95;;
02/03/19;25,33;31,47;27,87;28,32;32,77;37,19;;;;0;;6,03;16,75;48,3;91,45;11,81;1,7;2,06;;
03/03/19;24,13;30,87;27,57;28,15;32,72;37,24;;;;0;;4,03;16,72;52,1;95,25;11,52;0,22;1,45;;
04/03/19;22,87;30,26;27,25;27,94;32,61;37,24;;;;0;;4,75;17,89;50,15;99,5;18,2;0,15;1,95;0,87;0,52
05/03/19;21,67;29,53;26,71;27,66;32,48;37,21;;;;0;;5,61;25,03;20,55;97,5;17,55;0,54;2,46;;
06/03/19;20,84;28,9;26,27;27,41;32,42;37,25;;;;0;;7,19;19,94;32,4;100;18,07;0,23;2,09;;
07/03/19;20,32;28,13;26,12;30,34;36,04;37,95;;;;0;;17,58;26,44;12,9;32;17,87;3,86;6,64;0,83;0,51
08/03/19;19,61;27,46;26,44;31,4;35,58;38,38;;;;0;;7,94;21,39;29,15;99,15;17,91;0,37;2,28;;
09/03/19;18,78;27;26,43;31,01;35,19;38,33;;;;0,25;19,2;5,22;17,64;51,85;100;14,29;0,11;1,73;0,89;0,52
10/03/19;18,17;26,61;26,17;30,61;34,93;38,23;;;;0;0,19;3,08;18,92;46,2;99,75;19,8;0,25;2,23;;
11/03/19;17,71;26,39;26,06;30,34;34,78;38,16;;;;0;0,47;6,42;23;32,8;100;19,27;0,37;2,5;;
12/03/19;17,22;25,99;25,78;30,1;34,74;38,17;;;;0,76;;9,75;14,94;33,35;70,3;11,83;3,47;3,23;;
13/03/19;16,96;25,65;25,44;30,29;35,35;38,36;;;;0;4,37;4,36;16,72;42,9;92,85;20,12;0,47;2,31;;
14/03/19;20,83;25,95;25,52;30,61;35,28;38,35;;;;3,56;;9,64;15,28;49,35;88,25;11,44;2,5;2,33;;
15/03/19;21,92;26,04;25,57;30,38;35,01;38,27;;;;1,02;;6,86;18,28;49,4;94,6;18,41;1,29;2,6;;
16/03/19;20,25;25,89;25,49;30,17;34,87;38,23;;;;0;;4,5;19;51,65;100;20,02;0,2;2,38;;
17/03/19;19,09;25,77;25,42;29,85;34,73;38,2;;;;0;;4,08;18,64;54,95;100;21,22;0,27;2,5;0,89;0,52
18/03/19;18,26;25,61;25,29;29,32;34,6;38,16;;;;0,25;;4;22,33;34,7;100;20,71;0,18;2,55;;
19/03/19;17,64;25,56;25,21;28,95;34,49;38,14;;;;0,25;;7,17;16,92;64,05;100;13,31;0,28;1,82;;
20/03/19;26,77;28,98;25,4;29,05;34,44;38,15;;;;12,45;;9,33;14,31;91,65;99,2;2,28;0,08;0,7;;
21/03/19;28,7;31,2;25,85;29,35;34,43;38,19;;;;0,76;;10,89;19,22;51,1;100;12,51;0,25;1,91;;
22/03/19;29,62;32,47;26,16;29,4;34,43;38,23;;;;3,81;;10,86;17,19;67,4;97,65;7,5;0,29;1,36;;
23/03/19;27,56;31,66;26,26;29,36;34,38;38,24;;;;0;;6,47;20,28;40,05;100;21,22;0,13;2,64;;
24/03/19;26,34;30,74;26,15;29,27;34,26;38,21;;;;0,25;;4,94;20,03;39,95;100;21,32;0,21;2,66;0,89;0,51
25/03/19;25,41;30;26,05;28,99;34,12;38,15;;;;0;;4,92;19,58;48,15;100;21,38;0,25;2,69;;
26/03/19;24,43;29,23;25,88;28,87;33,92;38,11;;;;0;;9,81;20,92;33,6;75,35;21,97;1,02;3,37;;
27/03/19;27,26;31,09;27,27;29,38;34,51;38,17;;;;34,04;;11;17,69;43,45;97,8;12,84;0,75;2,16;;
28/03/19;32,22;36,66;32,94;32,46;37,14;39,13;;;;7,87;;9,72;14,56;66,7;99,5;3,55;0,52;0,99;;
29/03/19;30,12;36,04;32,02;32,12;36,81;38,98;;;;0,25;;7,11;17,56;57,55;97,75;19,4;0,47;2,56;0,87;0,51
30/03/19;28,92;35,7;31,87;31,87;36,57;38,91;;;;0;;5,42;17,61;58,15;100;22,26;0,58;2,82;;
31/03/19;28,12;35,08;31,99;31,62;36,32;38,82;;;;0;;3,44;17,83;45,65;99,8;22,36;0,28;2,75;;
01/04/19;27,58;34,7;31,79;31,45;36,16;38,75;;;;0;;5,53;17,78;57,6;99,75;16,18;0,17;2,2;;
02/04/19;27,21;34,54;31,73;31,37;36,14;38,76;;;;0,25;;9,78;17,44;46,15;99,3;7,18;0,1;1,35;;
03/04/19;26,65;34,17;31,51;31,23;36,05;38,75;;;;0,25;;5,61;20,36;39;98,7;14,39;0,61;2,39;;
04/04/19;27,85;34,33;31,32;31,14;36,02;38,76;;;;4,06;;13,39;20,31;51,1;93,4;8,15;2,44;2,47;;
05/04/19;29,93;35,57;31,22;31,12;36,04;38,83;;;;1,78;;11,33;15,25;73,7;97;3,56;0,08;0,92;;
06/04/19;29,2;35,77;31,05;30,99;35,97;38,82;;;;0;;8,17;18,58;60,3;99,5;19,07;0,28;2,66;0,85;0,46
07/04/19;27,72;35,32;30,9;30,86;35,9;38,81;;;;0;;10,72;18;52,75;96,55;17;0,47;2,54;;
08/04/19;26,62;34,68;30,55;30,7;35,8;38,81;;;;0,25;;7,25;17,97;51,65;88,55;14,24;0,75;2,32;;
09/04/19;25,68;34,01;30,29;30,51;35,68;38,78;;;;0;;10,5;19,69;42,45;91,25;17,59;0,67;2,81;;
10/04/19;24,65;33,26;29,83;30,37;35,6;38,8;;;;0;;10,08;20;36;94;17,51;1,21;3,1;;
11/04/19;24,07;32,4;29,52;30,19;35,51;38,82;;;;1,02;;9,97;19,58;42,6;92,25;15,98;0,89;2,75;;
12/04/19;25,27;32,82;29,47;30,05;35,41;38,8;;;;4,57;;10,75;19,22;43,25;96,95;13,73;0,65;2,4;;
13/04/19;28,15;34,29;29,35;29,92;35,36;38,79;;;;0,76;;8,36;18,56;48,65;98,7;15,98;0,75;2,56;;
14/04/19;27,25;33,38;29,15;29,76;35,3;38,76;;;;1,52;;8,19;19,67;32,35;97,65;17,03;1,24;3,07;;
15/04/19;30,4;35,51;28,78;29,61;35,19;38,75;;;;7,37;;9,42;16,69;34,7;95;9,62;1,73;2,42;;
16/04/19;28,37;35,09;28,66;29,46;35,06;38,67;;;;0,25;;7;18,81;59,85;99,8;18,37;0,2;2,64;;
17/04/19;27,56;34,62;28,8;29,48;35,06;38,7;;;;0;;10,5;19,94;51,7;97,15;22,57;0,34;3,29;;
18/04/19;26,21;33,21;28,54;29,34;34,97;38,78;;;;0,25;;8,5;20,86;47,15;99,5;23,87;0,42;3,46;0,79;0,35
19/04/19;;;;;;;;;;0;;9;22,14;32,1;98,7;23,97;0,49;3,61;;
20/04/19;23,34;30,95;27,66;28,86;34,6;38,73;;;;0;;9,61;21,61;32,25;91,25;19,72;0,99;3,44;;
21/04/19;22,24;30,25;27,3;28,61;34,44;38,73;;;;8,13;;17,08;22,14;28,3;55,55;12,3;5,31;5,92;;
22/04/19;20,67;29,46;26,8;28,19;34,17;38,72;;;;51,56;;18,58;24,11;38,05;61,35;11,63;7,09;6,3;;
23/04/19;19,84;28,88;26,4;27,78;33,94;38,75;;;;0;;13,36;28,64;27,35;93;23,92;1,54;4,99;0,72;0,25
24/04/19;18,9;28,4;25,99;27,38;33,74;38,87;;;;0;;12,03;28,03;26,7;96;24,06;0,26;3,94;;
25/04/19;18,27;28,12;25,66;26,96;33,69;38,91;;;;0;;11,64;26,14;40,35;98,65;22,41;0,17;3,63;;
26/04/19;17,65;27,95;25,43;26,61;33,48;38,96;;;;0;;12,44;25,25;42,7;96,1;23,23;0,38;3,83;0,58;0,19
27/04/19;17,13;27,82;25,27;26,47;33,19;39;;;;0,76;;10,5;21,17;44,75;97,65;23,1;0,76;3,65;;
28/04/19;16,54;27,47;24,96;26;32,83;38,94;;;;0;;7,72;22,22;44,3;96,65;26,16;0,64;3,97;0,62;0,17
29/04/19;16,21;27,31;24,77;25,59;32,44;38,84;;;;0;;9,78;23,94;29,55;86,6;24,9;1,07;4,33;;
30/04/19;15,66;27,1;24,57;25,25;32,12;38,78;;;;0;;9,03;19,92;38,65;91,9;17,41;0,42;2,82;;
01/05/19;15,3;26,93;24,39;24,98;31,85;38,65;;;;0;;8,39;19,75;47,15;97,6;26,59;0,5;3,82;0,62;0,15
02/05/19;15,01;26,92;24,37;24,85;32,32;38,81;;;;0;4,32;6,89;21,31;37,55;98,95;27,14;0,64;4,03;;
03/05/19;17,63;27,56;24,26;24,89;33,67;39,15;;;;6,35;;8,33;15,42;71,35;96;3,35;0,16;0,93;;
04/05/19;26,39;33,45;24,24;24,99;33,87;39,15;;;;9,65;;12,22;17;87,9;98,25;5,04;0,2;1,14;;
05/05/19;26,16;35,74;24,39;25,07;33,83;39,12;;;;0,25;;12,39;19,89;33,85;95,4;20,16;2,35;3,99;;
06/05/19;24,05;33,88;24,23;24,88;33,48;39;;;;0;;13,22;17,22;40,1;55,45;17,54;3,18;4,29;;
07/05/19;23,04;32,8;24,22;24,81;33,14;38,83;;;;0;;9,58;19,31;48,4;89;25,52;1,22;3,93;;
08/05/19;21,97;31,96;24,3;24,89;33,01;38,81;;;;0;;7,03;20,28;47,45;98,7;26,13;0,52;3,83;0,58;0,09
09/05/19;21,14;31,33;24,47;25,03;32,95;38,86;;;;0;;10,39;28,44;26,1;96,15;18,64;1,65;4,54;;
10/05/19;20,09;30,62;24,61;25,2;32,96;39,01;;;;0;;11,33;23,11;38,35;97,1;27,32;0,39;4,27;;
11/05/19;19,21;29,95;24,62;25,23;32,9;39,11;;;;0;;9,75;24,61;35,25;95,85;26,61;0,33;4,21;0,47;0,04
12/05/19;19,11;29,31;24,61;25,27;32,85;39,21;;;;3,3;;13,03;22,64;34,25;94,8;24,13;1,94;4,58;;
13/05/19;20,44;28,88;24,41;25,11;32,64;39,17;;;;8,89;;10,92;20,28;43,9;96,95;16,46;0,34;2,78;;
14/05/19;22,15;29,38;24,23;24,95;32,49;39,05;;;;0,25;;9,31;18,61;60,1;99,6;17,89;0,53;2,83;;
15/05/19;21,26;29,12;24,22;24,9;32,38;38,95;;;;1,27;;12,28;19,81;54,35;96,4;15,19;0,46;2,65;;
16/05/19;25,66;31,86;24,2;24,87;32,33;38,92;;;;6,35;;12;18,39;57,35;85,6;19,01;1,02;3,18;;
17/05/19;24,2;31,09;24,2;24,86;32,23;38,86;;;;0;;9,22;22,83;39,25;97,5;28,32;0,86;4,52;;
18/05/19;23,2;30,34;24,31;24,92;32,2;38,86;;;;0;;16,25;23,39;31,7;85,45;21,56;1,2;4,25;;
19/05/19;22,13;29,81;24,48;25,09;32,26;38,99;;;;0;;13,33;22,92;30,75;97,05;27,46;1,1;4,71;;
20/05/19;21;29,27;24,5;25,14;32,26;39,09;;;;0;;12,53;23,44;32,9;90,05;19,9;0,66;3,63;;
21/05/19;20;28,79;24,43;25,09;32,14;39,1;;;;0;;9,64;22,72;43,5;90,45;27,53;0,5;4,32;;
22/05/19;19,19;28,43;24,5;25,13;32,1;39,15;;;;0;;11,81;23,86;34,9;91,2;26,97;0,33;4,31;;
23/05/19;18,58;28,22;24,5;25,1;32,02;39,18;;;;0;;12,06;23,86;41,1;97,5;28,74;0,53;4,66;;
24/05/19;18,07;28,16;24,58;25,17;31,99;39,26;;;;0;;11,5;23,92;42,2;95,25;28,74;0,33;4,57;;
25/05/19;17,36;27,93;24,55;25,17;32;39,35;;;;2,03;;14,69;21;69,15;94,8;6,05;0,16;1,43;;
26/05/19;17,28;27,75;24,38;24,99;31,87;39,31;;;;4,06;;15,89;23,39;53,65;95,65;8,19;0,8;2,11;;
27/05/19;17,33;27,6;24,26;24,85;31,72;39,21;;;;1,52;;17,69;21,53;55,15;78,55;10,9;1,92;2,99;;
28/05/19;;;;;;;;;;0;;17,83;25,44;41,3;72,05;22,87;1,25;4,67;;
29/05/19;;;;;;;;;;0;;12,94;25,81;30,65;75,6;17,52;0,84;3,71;;
30/05/19;16,49;27,58;24,3;24,61;31,19;39,09;;;;0;;12,5;22,69;38,3;89,25;31,74;0,86;5,1;;
31/05/19;15,89;27,36;24,24;24,59;31,18;39,14;;;;0;;12,31;22,22;54,85;97,85;28,82;0,58;4,58;;
01/06/19;15,38;27,25;24,18;24,54;31,12;39,17;;;;0;;11,22;22,89;54,5;98,45;29,01;0,49;4,61;;
02/06/19;15,09;27,19;24,12;24,44;31,03;39,16;;;;0;;11,78;25,5;35,95;96,2;22,13;0,47;3,93;;
03/06/19;14,87;27,25;24,15;24,44;31,28;39,35;;;-0,76;0;4,36;13;26,5;35,2;97,9;29,44;0,33;4,92;;
04/06/19;14,78;27,57;24,27;24,61;33,12;40;;;;0;;13,36;25,19;47,8;95,4;29,53;0,28;4,88;;
05/06/19;14,27;27,36;24,2;24,67;33,02;40,08;;;;0;;11,92;28,28;27,2;89;28,9;0,36;4,91;;
06/06/19;13,96;27,39;24,23;24,76;32,71;40,12;;;;0;;14,83;27,14;36,55;89,55;16,05;0,12;3,02;;
07/06/19;13,86;27,46;24,24;24,79;32,39;40,11;;;;0;;15;31,31;41,05;97,9;28,24;0,21;5,15;;
08/06/19;13,77;27,66;24,42;24,96;32,17;40,2;;;;0;;19,39;33,33;19;64,45;28,78;0,6;5,63;;
09/06/19;13,42;27,45;24,37;24,95;31,96;40,3;;;;0;;17,53;34,75;19;66;29,2;0,16;5,15;;
10/06/19;13,09;27,38;24,31;24,9;32,59;40,66;;;-1,07;0;4,34;18,03;33,5;23,45;67,7;27,41;0,32;5,12;0,52;0,08
11/06/19;12,71;27,18;24,19;24,93;33,67;41,06;;;;0;;18,25;30;23,1;87,4;22,72;0,37;4,38;;
12/06/19;12,6;27,16;24,14;25,71;36,3;41,82;;-0,43;-1,06;0;6,02;19,72;31,56;18,15;78,65;27,29;0,75;5,53;0,46;0,07
13/06/19;12,48;27,18;24,18;26,62;36,91;42,01;;;;0;;19,72;29,06;58,4;93,35;29,13;0,45;5,48;;
14/06/19;12,36;27,09;24,17;26,53;35,86;41,88;;;;0;;16,11;34,42;26,2;98,4;28,44;0,26;5,35;;
15/06/19;12,3;27,14;24,25;27,35;37,33;42,4;;-0,44;-1,01;0;5,99;20,92;30,78;40,5;90;26,09;0,5;5,17;0,45;0,06
16/06/19;12,2;27;24,21;28,29;37,68;42,58;2,07;;;0;;18,81;28,61;62,05;99,05;28,55;0,32;5,31;;
17/06/19;;;;;;;2,22;;;0;;18,86;28,94;57,35;98,65;28,23;0,46;5,3;0,46;0,09
18/06/19;;;;;;;2,19;;;0;;18,94;28,14;61,6;97,35;25,79;0,47;4,86;;
19/06/19;;;;;;;2,34;;;0;5,97;16,56;28,47;60,25;94,7;29,94;0,43;5,43;;
20/06/19;;;;;;;2,41;;;0;;18,19;30,28;46,65;95,6;29,61;0,53;5,6;0,62;0,12
21/06/19;;;;;;;2,5;;;0;;18,56;32,83;36,25;97,1;27,02;0,25;5,19;;
22/06/19;12,04;26,78;24,24;28,8;38,01;43,03;2,79;-0,41;;0;5,93;20,81;35,75;25,15;84,1;24,87;0,41;5,15;;
23/06/19;11,85;26,77;24,32;29,31;37,79;43,11;2,32;;;0;;20,58;36,61;19;93,15;24,18;0,57;5,27;;
24/06/19;11,73;26,57;24,24;30,04;38,76;43,58;2,52;-0,39;-1,07;0;5,95;19,58;30,17;53,45;94,85;28,82;0,43;5,5;;
25/06/19;11,68;26,49;24,23;30,86;38,47;43,51;2,67;;;0;;17,39;32,83;32,05;89,1;29,17;0,27;5,43;0,57;0,09
26/06/19;11,65;26,47;24,28;31,7;39,19;43,92;2,74;-0,39;-1,19;0;5,94;19,17;34,11;45,7;86,65;27,91;0,37;5,57;;
27/06/19;11,62;26,44;24,36;32,49;38,79;43,8;2,71;;;0;;20,42;33,17;39,55;87,05;27,6;0,29;5,39;0,56;0,09
28/06/19;11,6;26,39;24,39;33,44;39,7;44,32;2,79;-0,42;-1,26;0;5,95;19,86;34,97;30,55;84,55;28,79;0,43;5,73;;
29/06/19;11,64;26,42;24,52;35,3;40,28;44,54;2,82;;;0;4,36;21,19;32,61;45,9;95,15;28,48;0,31;5,62;;
30/06/19;11,44;26,25;24,61;35,81;39,78;44,43;2,86;;;0;;20,92;31,75;40;95,25;29,83;0,37;5,76;0,60;0,14
01/07/19;11,66;26,37;24,71;36,58;40,57;44,83;2,89;-0,42;-1,22;0;6,05;19,22;31,72;50,9;87,85;28,88;0,47;5,61;;
02/07/19;11,49;26,25;24,81;36,36;39,67;44,53;2,93;;;0;;19,03;31,67;46,55;93,7;29,5;0,36;5,64;0,57;0,12
03/07/19;11,56;26,3;24,91;37,24;40,99;45,14;2,78;;-1,27;0;5,97;19,31;32,19;40,65;87,2;29,14;0,39;5,59;;
04/07/19;11,51;26,39;25,12;37,04;39,79;44,71;;;;0;;19,31;33,42;43,2;87,5;28,89;0,35;5,64;;
05/07/19;11,57;26,41;25,25;37,82;40,86;45,19;;-0,43;-1,34;0;5,92;20,08;33,81;38,4;86,35;28,9;0,32;5,63;0,58;0,11
06/07/19;11,46;26,39;25,42;37,72;40,02;44,94;;;;0;;18,72;35,19;27,45;87,65;29,74;0,43;5,82;;
07/07/19;11,28;26,49;25,66;37,33;39,41;44,82;;;;0;;19,25;34,89;27,45;84,15;28,29;0,33;5,47;0,54;0,12
08/07/19;11,47;26,37;25,56;36,62;40,09;44,98;;-0,51;-1,53;0;5,9;21,78;36,92;31,25;80,9;27,25;0,27;5,5;;
09/07/19;11,45;26,42;25,75;36,71;39,53;44,93;;;;0;;21,81;37,19;19,45;90,1;24,82;0,29;5,06;;
10/07/19;11,43;26,54;25,94;37,59;40,57;45,4;;;;0;6;26,47;36,47;15,55;77,2;21,29;1,83;6,53;;
11/07/19;11,25;26,39;26,01;37,91;40,08;45,36;;;;0;;23,42;31,25;53,45;81,35;29,11;0,68;5,87;;
12/07/19;11,14;26,17;25,96;38,3;40,86;45,74;3,2;-0,47;-1,29;0;5,92;19,36;31,36;41,25;90,75;28,59;0,54;5,52;0,58;0,13
13/07/19;11,19;26,2;26,1;38,53;40,17;45,49;3,5;;;0;;19,47;35,67;21,2;88,2;29,06;0,7;5,99;;
14/07/19;11,14;26,25;26,29;37,39;38,74;45,12;3,17;;;0;;21,69;31,11;33,95;76,65;23,64;0,8;5,04;;
15/07/19;14,08;28,64;26,19;35,89;37,27;44,68;3,29;;;7,11;;23,72;32;42,7;95,3;19,89;0,87;4,54;;
16/07/19;13,49;26,66;25,93;34,19;35,75;44,06;3,04;;;0;;23,61;28,14;43,05;64,25;21,92;1,99;5,5;;
17/07/19;13;25,94;25,82;33,3;37,16;44,15;3,17;-0,5;-1,39;0;5,96;22,75;30,58;41;77,45;29,42;0,95;5,97;;
18/07/19;12,5;25,79;25,83;33,38;37,67;44,3;2,79;;;0;;18,75;31,47;25,25;93,15;29,05;0,43;5,4;;
19/07/19;12,04;25,71;25,82;34,35;39,41;44,86;2,66;-0,47;-1,34;0;5,93;17,94;30,11;38,5;93,9;28,99;0,64;5,45;;
20/07/19;11,74;25,71;25,91;36,98;41,01;45,6;2,76;;;0;4,27;19,39;30,47;41,8;90,25;28,31;0,6;5,41;;
21/07/19;11,57;25,75;26,13;38,24;40,01;45,35;2,69;;;0;;19,22;30,86;51,5;86,95;28,17;0,39;5,33;;
22/07/19;11,47;25,8;26,33;39,55;41,07;45,85;2,72;-0,41;-1,4;0;5,9;19,81;31,69;47,35;92,2;28,18;0,4;5,41;;
23/07/19;11,16;25,62;26,43;40,17;40,48;45,71;2,79;;;0;;18,03;32;34,5;82,55;27,64;0,36;5,15;;
24/07/19;11,41;25,88;26,74;41,34;41,81;46,28;2,71;;-1,44;0;5,94;20,47;32,89;40,8;92,4;28,37;0,36;5,49;;
25/07/19;11,29;25,91;27,03;40,9;40,36;45,81;2,79;;;0;;20,5;33,28;42,1;89;27,74;0,45;5,47;;
26/07/19;11,25;25,93;27,24;41,53;41,28;46,36;2,87;-0,47;-1,39;0;5,92;21,11;34,25;34,4;85,9;27,51;0,34;5,37;;
27/07/19;11,15;25,9;27,44;41,4;40,5;46;2,72;;;0;;20,67;36,19;30,6;74,65;21,78;0,37;4,56;;
28/07/19;11,09;25,92;27,59;40,03;39,11;45,58;2,89;;;0;;25,86;34;25,95;49,25;27,31;2,13;7,42;;
29/07/19;10,89;25,82;27,62;39,9;40,16;45,8;2,77;-0,48;-1,32;0;5,89;20,75;31,39;42,65;72,8;28,7;1,36;6,05;;
30/07/19;10,78;25,67;27,59;39,91;40,04;45,75;2,58;-0,48;-1,25;0;;17,39;29,75;42,8;91,9;28,1;0,43;5,1;0,51;0,06
31/07/19;10,88;25,73;27,73;41,04;41,31;46,22;2,52;;;0;5,94;19,72;31,72;50,1;93,15;27,49;0,36;5,25;;
01/08/19;10,94;25,78;27,95;41,41;40,57;45,96;2,79;;;0;;18,92;38,06;19;93,2;26,97;0,38;5,33;0,45;0,03
02/08/19;10,99;25,86;28,21;42,26;41,68;46,45;2,81;;-1,45;0;5,62;20,08;37,83;19;94,4;25,84;0,34;5,14;;
03/08/19;10,99;26;28,57;42,23;40,76;46,18;2,77;;;0;;22,81;36;28,55;70,25;26,3;0,73;5,64;;
04/08/19;10,79;25,82;28,58;40,83;39,46;45,84;2,52;;;0;;17,5;31,72;36,5;85,4;27,46;0,37;5,03;0,49;0,05
05/08/19;10,79;25,75;28,53;40,8;40,65;46,07;2,53;-0,49;-1,27;0;6,18;18,78;31,86;32,95;94;27,66;0,39;5,13;;
06/08/19;10,79;25,72;28,57;40,83;40,45;46;2,62;;;0;;17,86;34;34,2;86,25;26,84;0,41;5,12;0,48;0,04
07/08/19;10,87;25,82;28,72;41,28;41,37;46,35;2,74;;;0;5,87;20,31;38,81;12,45;81,8;25,96;0,45;5,18;;
08/08/19;10,89;25,92;29,04;41,6;40,89;46,22;2,76;;;0;;22,25;34,92;31,75;85,25;23,86;0,29;4,73;;
09/08/19;10,96;25,97;29,22;42,26;41,89;46,69;2,45;-0,48;-1,33;0;5,91;23,69;31,31;61,6;95,9;25,46;0,47;5,1;0,51;0,07
10/08/19;10,94;25,91;29,32;42,55;41,55;46,57;2,49;;;0;;21,44;32,19;58,9;96,05;25,05;0,38;4,95;;
11/08/19;;;;;;;2,54;;;0;;22,03;33,61;46,95;96,55;25,54;0,4;5,11;0,50;0,06
12/08/19;11,06;26;29,5;41,97;42,31;46,76;;;-1,36;0;5,93;20,33;34,64;42,4;91,1;25,4;0,32;4,98;;
13/08/19;11;26,05;29,78;41,86;41,33;46,51;2,57;;;0;;23,28;33,81;42,85;91,75;25,31;0,39;5,08;;
14/08/19;10,91;26,01;29,87;42,43;42,32;47;3,17;;;0;5,89;23,61;32,67;45,2;87,45;22,56;1,02;4,98;0,49;0,05
15/08/19;10,74;25,79;29,65;42,65;41,96;46,83;3,77;;;0;;19,17;30,83;47,3;87,55;23,66;0,98;4,79;;
16/08/19;10,8;25,82;29,57;43,34;43,09;47,29;2,57;-0,53;-1,3;0;5,91;18,72;30,83;41,85;89,65;24,96;0,53;4,69;0,51;0,07
17/08/19;10,8;25,88;29,74;43,39;42,09;46,88;2,43;;;0;;19,94;30,28;49,1;93,6;25,04;0,43;4,67;;
18/08/19;10,78;25,89;29,78;42,2;40,91;46,56;2,41;;;0;;19,67;31,19;47,4;92,6;24,14;0,54;4,64;;
19/08/19;10,78;25,89;29,75;43,24;42,62;47,06;2,46;-0,49;-1,33;0;6,49;19,69;35,17;48,8;93,2;23,79;0,47;4,83;0,55;0,09
20/08/19;10,85;25,97;29,95;43,64;41,93;46,88;2,44;;;0;;21,39;31,56;54,85;92,6;23,32;0,47;4,56;;
21/08/19;10,9;26,04;30,14;45,02;43,27;47,46;2,4;;;0,76;5,45;22,81;31;53,45;92,7;22,62;0,53;4,49;0,50;0,08
22/08/19;10,91;26,06;30,39;44,75;42,1;47,13;2,39;;;0;;23,06;32,03;56,9;87,65;23,06;0,48;4,61;;
23/08/19;10,94;26,1;30,6;45,73;43,39;47,59;2,39;-0,46;;0;5,85;22,83;32,78;48,45;95,3;20,07;0,28;4,03;;
24/08/19;10,9;26,06;30,82;45,01;42,13;47,23;2,33;;;0;;20,64;31,25;51,25;86,8;19,49;0,21;3,73;0,48;0,08
25/08/19;10,92;26,09;30,94;43,45;41,04;46,89;2,29;;;0;;21,22;31,61;58;95,55;22,31;0,35;4,32;;
26/08/19;10,94;26,11;30,97;44,15;42,29;47,31;3,59;-0,48;;0;5,88;21,72;31,53;58;96,4;22,28;0,44;4,36;0,50;0,06
27/08/19;10,98;26,18;31,19;44,17;41,91;47,08;3,66;;;0;;22,11;32,22;51,25;91,8;21,75;0,52;4,35;;
28/08/19;10,96;26,17;31,28;44,92;43,06;47,56;3,5;;;0;5,92;22,78;33,36;47,6;93,85;16,94;0,33;3,54;;
29/08/19;10,9;26,1;31,31;44,6;42,27;47,22;2,92;;;0;;22,56;30,72;54,4;85,8;9,61;0,2;2,19;;
30/08/19;10,88;26,03;31,25;44,92;43,17;47,52;;-0,48;-1,34;0;5,55;20,67;30,78;56,8;92,35;17,6;0,33;3,46;;
31/08/19;10,76;25,98;31,42;44,98;42,74;47,31;;;;2,03;;21,92;31,17;56,1;95,8;12,8;0,15;2,66;;
01/09/19;11,41;26;31,62;43,03;41,46;46,74;;;;0;;22,78;29,11;58,2;97,7;8,63;0,17;1,96;;
02/09/19;16,17;30,47;33,58;42,09;40,91;46,48;2,61;;;15,75;;21,81;29,78;58,25;96,15;11,64;0,2;2,45;;
03/09/19;22,48;34,69;37,07;40,66;40,28;46,14;;;;1,27;;22,14;29,31;60,75;97,65;17,19;0,59;3,43;;
04/09/19;24,42;35,92;36,09;39,89;39,71;45,85;;;;10,41;;21,36;29,53;58,65;97,75;15,49;0,44;3,1;;
05/09/19;26,88;38,37;37,67;41,21;39,55;45,61;;;;20,32;;21,61;28,33;62,55;98,5;19,12;0,36;3,57;;
06/09/19;25,36;37,25;36,5;41,4;40,36;45,7;;;;0;;20,89;28,86;59,8;98,6;17,09;0,33;3,24;;
07/09/19;23,42;35,95;35,47;41,21;40,86;45,78;2,13;;-0,85;0;;17,25;28,86;38,35;93,35;21,66;1,02;4,13;;
08/09/19;21,4;34,79;34,68;40,78;40,74;45,62;2,1;;;0;;17,39;28,72;37,15;84,5;20,83;0,34;3,54;0,63;0,16
09/09/19;23,7;35,22;34,25;40,55;40,64;45,54;2,01;;;4,06;;18,94;28,56;47,45;90,55;18,05;0,41;3,29;;
10/09/19;23,72;35,1;33,87;40,26;40,49;45,44;;;;6,6;;20,42;27,78;53,9;94,7;10,91;0,24;2,23;;
11/09/19;24,01;35,17;33,59;39,9;40,28;45,31;;;;0;;19,39;28,89;48,9;95,2;20,37;0,32;3,57;;
12/09/19;22,16;33,9;33,35;39,64;40,09;45,22;;;;0;;19,44;28,97;56,3;98,3;18,75;0,22;3,33;;
13/09/19;20,71;32,91;33,03;39,34;39,8;45,16;;;;0;;19,25;29,47;53,5;99,6;21,05;0,25;3,66;0,78;0,22
14/09/19;;;;;;;;;;0;;19,42;29,58;48,9;99,45;19,98;0,29;3,51;;
15/09/19;;;;;;;;;;0;;19,08;28,64;52,75;98;19,54;0,24;3,37;0,68;0,23
16/09/19;;;;;;;;;;0;;18,58;28,36;52,55;97,3;19,14;0,24;3,27;;
17/09/19;16,3;29,06;31,14;37,19;38,36;44,66;;;-0,86;0;;18,14;28,39;57,7;97,65;19,22;0,23;3,27;;
18/09/19;15,61;28,44;30,7;36,73;37,93;44,56;1,97;;;0;;18,72;29,61;56,15;98,5;18,55;0,2;3,23;0,78;0,24
19/09/19;15,09;27,88;30,23;36,1;37,4;44,39;1,95;;;0;;20,25;30,53;53,7;99,1;16,4;0,31;3,05;;
20/09/19;14,64;27,42;29,74;35,5;36,91;44,23;1,94;;;0;;21,22;29,5;60;99,05;17,16;0,35;3,16;0,75;0,23
21/09/19;14,22;27,03;29,2;34,87;36,38;44,04;2,18;;;0;;21,22;29,61;54,05;92,95;17,82;0,49;3,29;;
22/09/19;13,88;26,74;28,63;34,31;35,89;43,86;2,14;;;0;;23,17;33,67;31,75;82,5;14;1,66;4,19;;
23/09/19;17,05;26,63;28,32;33,79;35,41;43,65;2,07;;;0;14;24,56;33,89;45,5;69,55;16,71;0,8;3,7;;
24/09/19;22,5;26,53;28,11;33,4;35,24;43,57;2,08;;;0;;19,67;27,94;40,55;74,6;17,86;1,21;3,66;;
25/09/19;20,74;26,41;27,76;33,09;35,11;43,39;1,97;;;0;;17,64;28,94;43,45;91,1;19,04;0,29;3,08;0,85;0,26
26/09/19;19,3;26,43;27,74;33,04;35,12;43,29;2,02;;;0;;17,33;30,25;45,1;97,1;17,38;0,71;3,22;;
27/09/19;18,31;26,32;27,65;33,03;35,13;43,25;1,92;;;0;;18,89;27,42;55,05;96,9;17,55;0,28;2,89;;
28/09/19;;;;;;;1,84;;;0;;17,36;27,39;61,45;96,4;12,19;0,2;2,16;;
29/09/19;;;;;;;2,03;;;0;;18,61;27,97;61,25;99,7;16,98;0,29;2,84;;
30/09/19;15,98;26,33;27,31;32,91;35,04;43,06;1,88;;;0;;18,75;27,92;61,7;99,5;16,6;0,22;2,76;0,84;0,25
01/10/19;15,41;26,18;27,16;32,87;35,05;43,01;2,06;;;0,25;;17,92;27,92;52,45;99,55;18,27;0,33;2,93;;
02/10/19;14,9;26,07;27,05;32,77;34,99;42,92;2,07;;;0;;18,03;28,53;45,05;99,15;16,5;0,22;2,65;;
03/10/19;17,45;28,97;28,87;32,88;34,9;42,76;;;;19,56;;18,31;27,39;35,95;91,55;14,74;1,07;3;;
04/10/19;26,15;37,39;34,94;33,34;34,73;42,51;;;;1,78;;17,28;23,89;48,4;91,4;11,03;1,24;2,4;;
05/10/19;24,55;35,98;33,68;33,16;34,55;42,25;2,06;;;0;;14,64;27,83;39,6;83,3;16,94;0,62;2,78;0,85;0,27
06/10/19;22,65;34,85;32,82;33,28;34,6;42,19;2,09;;;0;;16,81;25,64;48,7;85,8;13,52;1,08;2,63;;
07/10/19;24,11;36,09;33,48;34,81;34,66;42,14;0,94;;;25,4;;17,22;23,97;56,75;97,1;4,38;0,41;1,22;;
08/10/19;26,12;38,03;34,89;40,53;40,38;42,26;;;;1,78;;17,22;24,14;53,05;97,5;11,13;0,92;2,14;0,83;0,33
09/10/19;25,71;37,5;34,44;40,44;42,65;43,38;;;;0;;16,72;26,69;60,2;97,75;15,45;0,19;2,35;;
10/10/19;24,8;36,93;34,09;40,45;43,44;44,29;;;;0;;17,78;26,44;68,3;99,4;14,53;0,33;2,31;0,80;0,28
11/10/19;23,83;36,33;34,02;40,42;43,74;44,68;;;;0;;19,42;25,19;68,6;99;6,52;0,18;1,33;;
12/10/19;22,92;35,93;33,63;40,14;43,75;44,83;;;;0;;17,53;33,64;64;99,6;13,89;0,2;2,49;;
13/10/19;21,85;35,49;33,29;39,89;43,69;44,89;;;;0;;16,78;26,78;59,65;98,3;14,84;0,24;2,24;0,78;0,26
14/10/19;20,77;34,87;32,97;39,68;43,61;44,92;;;;0,25;;16,92;26,44;58,35;99,5;12,94;0,09;1,95;;
15/10/19;19,81;34,27;32,66;39,41;43,47;44,91;;;;0;;20,11;29,28;46,1;90,65;12,76;0,78;2,5;;
16/10/19;18,66;33,42;32,26;39,13;43,33;44,93;;;;0,76;;13,75;25,69;44,75;95,15;12,13;0,53;1,99;;
17/10/19;17,6;32,13;31,55;38,43;42,92;44,77;;;;0;;12;24,56;48,15;99,55;16,3;0,17;2,01;;
18/10/19;16,91;31,3;31,05;37,88;42,52;44,55;1,95;;;0;;12,06;24,47;52,05;98,7;15,84;0,14;1,95;0,88;0,29
19/10/19;16,43;30,55;30,61;37,42;42,18;44,39;1,94;;;0;;14,42;25,33;59,9;99,5;14,4;0,14;1,94;;
20/10/19;16,02;30;30,23;37,02;41,9;44,3;2,08;;;0;;17,14;29,53;43,2;97,1;14,88;0,51;2,37;0,85;0,26
21/10/19;15,58;29,21;29,82;36,57;41,64;44,29;1,87;;;0;;17,39;26,94;54,55;96,35;14,75;0,57;2,26;;
22/10/19;15,03;28,5;29,15;35,96;41,28;44,23;1,79;;;0,25;;15,81;26,14;60,55;100;14,64;0,19;2;;
23/10/19;14,59;27,95;28,45;35,17;40,75;44,08;1,98;;;0;;18,28;29,53;27,45;96,9;14,72;1,32;3,03;0,80;0,27
24/10/19;14,14;27,44;28,01;34,61;40,38;44,02;1,98;;;3,05;;18,28;26,81;35,85;85,65;9,78;1,56;2,67;;
25/10/19;15,07;26,83;27,64;33,47;39,48;43,81;;;;0;;16,75;25,72;52,8;94,1;11,24;0,34;1,71;;
26/10/19;14,63;26,4;27,17;32,98;39,08;43,67;;;;0;;16,89;25,75;59,2;99,05;10,89;0,41;1,7;;
27/10/19;14,21;26,13;26,73;32,53;38,61;43,5;;;;0,76;;16,17;25,03;63,05;97,4;9,92;0,08;1,43;;
28/10/19;13,84;25,79;26,26;32,07;38,16;43,31;;;;0;;16,42;24,47;58,7;98,15;10,88;0,22;1,54;;
29/10/19;14,01;25,62;25,97;31,74;37,78;43,09;;;;2,79;;16,22;24,94;64,95;99,85;11,97;0,07;1,59;;
30/10/19;16,58;26,48;25,92;31,5;37,54;42,92;;;;4,06;;17,42;25,61;71,25;100;9,18;0,07;1,39;;
31/10/19;20,3;28,08;25,78;31,29;37,31;42,73;;;;0,51;;17,25;26,14;60,8;100;12,99;0,14;1,71;;
01/11/19;21,74;26,75;25,65;31,14;37,15;42,57;;;;4,83;;16,89;21,53;71,45;94,6;4,89;0,33;1;;
02/11/19;20,14;26,04;25,51;30,96;36,97;42,39;;;;0;;15;23,17;62,4;98,75;9,88;0,15;1,31;0,93;0,35
03/11/19;17,8;25,58;25,47;30,82;36,79;42,25;;;;0,25;;18,69;25,89;48,05;71,45;9,83;2,58;3,08;;
04/11/19;;;;;;;;;;0,76;;16,64;23,53;42,3;75,7;12,09;1,56;2,4;0,88;0,35
05/11/19;14,86;25;25,23;30,34;36,35;41,89;;;;0;;15,64;26,08;45,85;78,35;12,9;1,92;2,71;;
06/11/19;18,99;25,46;25,11;30,31;36,37;41,82;;;;4,32;;15,75;19,5;58,35;95,4;2,21;0,25;0,79;;
07/11/19;20;25,09;24,84;29,96;36,13;41,61;;;;1,52;;12,31;20,22;48,3;91,1;8,07;0,59;1,27;;
08/11/19;17,03;24,56;24,62;29,62;35,82;41,27;;;;0;;13,86;22,36;39;80,8;9,98;1,68;2,23;;
09/11/19;18,2;24,59;24,49;29,41;35,62;40,95;;;;3,05;;13,64;18,36;52,9;97,95;6,2;1,14;1,31;;
10/11/19;16,19;24,19;24,2;28,96;35,23;40,48;;;;1,02;;13,83;19,78;40,9;69,05;10,2;1,51;2,04;;
11/11/19;20,72;28,89;24,31;28,89;35,09;40,17;;;;11,94;;13,67;17,72;46,85;96,1;1,97;0,77;1,04;;
12/11/19;27;34,84;24,67;28,84;35,06;40,04;;;;7,87;;13,36;17,58;54,2;99,25;6,01;1,22;1,25;;
13/11/19;27,73;37,09;27,89;28,77;34,98;39,92;;;;11,94;;14,36;19,61;41,85;84,6;10,24;1,73;1,97;;
14/11/19;25,19;34,95;28,39;28,85;34,97;39,85;;;;0;;14,11;21,19;48,35;86,6;6,95;0,71;1,28;0,81;0,28
15/11/19;23,57;33,79;28,08;28,93;34,99;39,84;;;;0;;13,61;22,97;40,3;74,4;11,01;2,37;2,66;;
16/11/19;21,39;32,84;27,82;29,19;35,13;39,92;;;;0;;20,03;25,14;37,85;64,1;10,07;2,84;3,45;;
17/11/19;19,24;31,75;27,35;29,33;35,25;40,04;;;;0,76;;13,56;21,75;51,35;77,25;4,96;1,43;1,68;;
18/11/19;17,81;30,65;26,67;29,07;35,09;39,94;;;;0;;10,72;20,17;33,15;84,8;10,02;0,61;1,24;;
19/11/19;17,18;29,91;26,37;29,01;35,01;39,85;;;;5,08;;11,22;17,22;44,35;94;2,1;0,44;0,87;;
20/11/19;16,74;29,17;25,93;28,76;34,83;39,71;;;;0;;7,06;18,58;45,15;98,2;9,32;0,39;0,94;;
21/11/19;16,15;28,45;25,45;28,51;34,62;39,53;;;;0;;6,86;19,17;41,45;98,9;8,45;1,02;1,32;;
22/11/19;15,62;27,87;25,24;28,49;34,57;39,46;;;;0;;11,56;21,92;35,3;78,15;10,26;0,65;1,28;0,87;0,35
23/11/19;15,17;27,23;25,1;28,61;34,64;39,49;;;;1,27;;15,94;21,83;34,5;78,45;7,34;2,05;2,34;;
24/11/19;14,92;26,55;25,06;28,72;34,76;39,56;;;;5,08;;13,08;17,78;58,7;96,4;5,84;0,7;0,97;;
25/11/19;16,53;26,04;25,01;28,64;34,73;39,55;;;;8,13;;10,83;16,39;73,7;99,35;4,59;0,79;0,8;;
26/11/19;17,43;25,81;24,97;28,62;34,69;39,49;;;;0,25;;12,33;20,69;70,65;99,55;7,25;0,25;0,85;;
27/11/19;16,76;25,5;24,9;28,58;34,66;39,47;;;;0;;13,11;21,42;45,55;98,4;10,21;0,56;1,11;0,91;0,42
28/11/19;16,03;25,33;24,93;28,61;34,68;39,48;;;;0;;16,17;20,33;57,25;72,4;2,91;1,85;1,74;;
29/11/19;15,34;25,07;24,84;28,59;34,68;39,49;;;;0;;14,61;21,39;39,9;72,05;10,29;1,17;1,62;0,92;0,41
30/11/19;;;;;;;;;;0;;9,28;19,56;57,5;97,85;7,95;0,34;0,82;;
01/12/19;;;;;;;;;;0;;8,25;20,25;41,1;100;9,83;0,84;1,16;;
02/12/19;14,17;24,45;24,49;28,32;34,48;39,29;;;;0;;16;22,06;50,5;68,95;9,13;2,89;2,56;0,92;0,41
03/12/19;13,95;24,36;24,57;28,48;34,61;39,38;;;;0;;10,03;21,67;59;98;9,05;1,59;1,39;;
04/12/19;13,81;24,08;24,36;28,37;34,59;39,37;;;;0;;9,81;22,22;48,4;98,95;8,8;1;1,26;0,94;0,42
05/12/19;13,6;24,08;24,42;28,39;34,59;39,33;;;;0;;12;20,86;47,5;96,35;4,4;1;1,2;;
06/12/19;13,27;23,86;24,26;28,29;34,56;39,29;;;;0;;11,03;22,06;68,3;100;6,83;0,01;0,7;;
07/12/19;12,92;23,61;24,01;28,04;34,39;39,15;;;;0,25;;10,06;21,64;54,45;100;9,12;0,01;0,66;0,92;0,45
08/12/19;12,7;23,4;23,8;27,76;34,19;38,96;;;;0,25;;8,53;20,25;57,6;100;7,02;0,02;0,62;;
09/12/19;12,77;23,42;23,8;27,67;34,08;38,81;;;;1,78;;10,97;19,22;62,65;98,7;6,45;0,2;0,7;;
10/12/19;18,83;23,59;23,85;27,63;34,06;38,74;;;;5,59;;9,42;16,17;62,9;98,15;3,93;0,28;0,65;;
11/12/19;25,47;33,16;23,96;27,52;33,99;38,64;;;;9,91;;11,53;16,33;59,55;98,1;3,66;0,91;0,89;;
12/12/19;25,44;31,99;23,97;27,42;33,9;38,53;;;;5,59;;9,58;15,22;57,3;81,7;5,12;1,27;1,11;;
13/12/19;26,22;32,28;24,01;27,38;33,86;38,45;;;;7,11;;13,36;17,61;57,2;77,5;2,86;2,47;1,75;;
14/12/19;;;;;;;;;;10,67;;11,72;18,06;49,75;95,05;3,49;2,66;1,71;;
15/12/19;;;;;;;;;;0;;10,47;20,5;60,35;98,45;8,67;0,03;0,64;;
16/12/19;26,03;34,59;31,45;28,16;33,92;38,42;;;;0,25;;11,53;23,75;38,2;99,75;9,2;1,35;1,59;;
17/12/19;24,93;34,12;31,13;28,42;34,06;38,5;;;;0,51;;16,19;20,03;49,65;70,75;8,68;3,67;2,71;;
18/12/19;23,43;33,52;30,71;28,71;34,24;38,63;;;;0;;17,17;20,69;47,7;69,45;5,66;2,01;2,03;;
19/12/19;22,9;32,87;30,28;28,84;34,41;38,75;;;;3,05;;10,86;19,83;59,8;96,2;6,03;0,75;0,92;;
20/12/19;21,79;32,3;29,8;28,83;34,42;38,77;;;;0;;10,64;21,17;34,7;91,9;8,58;1,56;1,68;;
21/12/19;20,32;31,71;29,31;28,86;34,45;38,8;;;;0;;16,56;19,94;37,6;71,05;2,85;3,79;3,16;;
22/12/19;26,3;35,47;32,42;29,71;34,56;38,88;;;;16,26;;16,5;21,03;43,7;76,85;5,11;4,14;3,04;0,80;0,46
23/12/19;26,24;35,4;32,31;30,99;34,48;38,84;;;;1,02;;15,11;17,56;45,55;66,1;5,19;4,81;3,18;;
24/12/19;24,74;34,51;31,42;31,28;34,38;38,73;;;;0,25;;10,53;17,31;54,35;78,85;9,14;1,72;1,41;;
25/12/19;23,46;33,94;30,9;31,43;34,4;38,69;;;;0;;8,78;20,03;45,95;78,55;9,13;1,28;1,38;;
26/12/19;22,2;33,22;30,36;31,29;34,35;38,64;;;;0;;6,56;17,67;72;98,7;4,46;0,02;0,56;;
27/12/19;21,7;32,77;29,98;31,12;34,23;38,51;;;;0,76;;8,28;18,78;71;100;5,33;0,08;0,61;;
28/12/19;;;;;;;;;;2,29;;8,47;17,94;47,3;100;4,48;0,9;1,02;;
29/12/19;25,27;33,72;29,19;30,55;33,91;38,14;;;;1,52;;7,78;11,78;45,15;87,35;3,9;1,77;1,27;;
30/12/19;26,02;34,5;29,18;30,38;33,84;38,01;;;;2,79;;7,61;11,53;55,7;83,5;2,41;1,34;1,04;;
31/12/19;24,5;33,55;28,97;30,14;33,72;37,85;;;;0;;1,92;14,31;51,45;96,65;6,41;0,1;0,52;;
01/01/20;23,61;32,85;28,78;30;33,67;37,73;;;;0;;3,61;15,67;58,2;99,95;6,44;0,12;0,57;;
02/01/20;22,97;32,28;28,6;29,89;33,64;37,63;;;;0;;-4,44;19,58;50;100;6,46;0,2;0,65;;
03/01/20;22,28;31,85;28,43;29,83;33,64;37,57;;;;0,25;;7,58;18,92;60,15;100;8,74;0,14;0,67;0,92;0,51
04/01/20;21,64;31,69;28,44;29,96;33,75;37,59;;;;0;;11,39;15,53;61,65;91,35;2,74;0,02;0,57;;
05/01/20;21,22;31,38;28,34;30,08;33,91;37,69;;;;0;;10,56;15,75;32,65;93,35;4,25;1,26;1,34;;
06/01/20;19,99;30,67;27,77;29,81;33,88;37,7;;;;0;;9,11;12,97;29,8;55,35;8,66;2,1;2;0,94;0,52
07/01/20;19,17;30,07;27,32;29,49;33,76;37,6;;;;0;;2,5;15,28;48,95;96,1;9,2;0,24;0,63;;
08/01/20;;;;;;;;;;0;;6,33;15,03;47,6;95,95;5,09;0,34;0,72;;
09/01/20;;;;;;;;;;0;;1,75;16,5;45,7;95,4;9,68;0,38;0,75;;
10/01/20;17,44;28,55;26,34;28,88;33,59;37,35;;;;0,25;;1,56;17,28;60,35;100;8,74;0,08;0,63;;
11/01/20;17,11;28,28;26,19;28,81;33,56;37,3;;;;0;;5,14;18,14;39,5;99,7;9,77;0,1;0,63;;
12/01/20;16,65;27,84;25,93;28,68;33,53;37,25;;;;0;;4,92;17,78;54,3;99,65;8,18;0,06;0,65;;
13/01/20;16,42;27,53;25,82;28,65;33,54;37,22;;;;0;;5,36;17,92;58,9;98,3;5,92;0,08;0,65;;
14/01/20;16,18;27,15;25,58;28,54;33,53;37,19;;;;0,25;;6,39;20,64;62,05;99,55;9,46;0,09;0,79;;
15/01/20;15,84;26,91;25,38;28,49;33,53;37,16;;;;0;;5,42;20,14;61,7;99,65;9,7;0,15;0,81;;
16/01/20;15,49;26,54;25,13;28,35;33,5;37,12;;;;0,25;;5,22;20;64,3;99,65;6,53;0,03;0,7;0,92;0,53
17/01/20;15,42;26,25;25,07;28,36;33,52;37,11;;;;0;;9,69;15,28;51,85;95,3;4,15;0,01;0,61;;
18/01/20;15,16;25,7;24,89;28,38;33,61;37,17;;;;0;;4,19;17,89;46,8;93;8,96;0,55;0,98;0,92;0,51
19/01/20;14,8;25,19;24,56;28,21;33,62;37,2;;;;0;;3,56;16,44;49,35;94,65;9,09;0,17;0,74;;
20/01/20;14,71;25;24,39;28,13;33,63;37,2;;;;0;;9,86;17,31;44,9;83,85;6,16;1,86;1,71;;
21/01/20;14,53;24,95;24,32;28,2;33,81;37,32;;;;0;;13,28;18,25;52,65;72,95;6,91;1,59;1,67;;
22/01/20;14,28;24,53;24,18;28,22;33,97;37,47;;;;0;;10,17;18,28;49,9;84,15;7,14;1,05;1,32;;
23/01/20;13,98;24,13;23,96;28,09;34,07;37,57;;;;0;;6,47;18,17;39,95;93,5;10,5;0,39;1;0,90;0,50
24/01/20;13,77;23,77;23,69;27,88;34,06;37,59;;;;0;;8;18,69;42,8;94,45;9,24;2;1,85;;
25/01/20;13,65;23,54;23,56;27,85;34,15;37,65;;;;0;;10,36;19,72;47,65;89,45;8,42;1,02;1,41;;
26/01/20;13,44;23,23;23,38;27,77;34,23;37,73;;;;0;;-2,78;20,44;34,45;95,6;10,53;0,25;0,95;0,89;0,51
27/01/20;13,16;22,94;23,1;27,56;34,19;37,73;;;;0;;7,11;18,89;53,95;98,7;10,87;0,13;0,96;;
28/01/20;13,09;22,79;22,92;27,37;34,1;37,67;;;;0;;6,86;18,06;44,4;97,55;7,91;0,75;1,21;;
29/01/20;13,12;22,82;22,92;27,41;34,16;37,67;;;;0;;15,5;19,47;40,6;58,7;11,04;2,12;2,58;;
30/01/20;12,82;22,65;22,85;27,46;34,29;37,75;;;;0;;6,53;18,81;41,25;95,95;11,39;0,44;1,17;;
31/01/20;24,21;30,79;28,16;32,04;36,6;37,84;;;;0;;6,06;18,31;60,45;99,15;5,77;0,08;0,8;;
01/02/20;26,97;33,7;30,9;35,35;39,99;38,59;;;;0,25;;7,42;20,31;51,6;98,55;9,42;0,11;1;;
02/02/20;26,45;33,05;30,55;35,19;40,97;39,23;;;;0;;7,86;20,78;56,45;96,85;11,51;0,17;1,16;0,89;0,51
03/02/20;25,81;32,78;30,3;35,05;41,33;39,69;;;;0;;9,56;23;43,85;97,1;10,32;0,19;1,18;;
04/02/20;26,06;32,48;29,99;34,87;41,49;40,11;;;;0,76;;9,17;24,94;26;95,7;11,24;1,35;2,31;;
05/02/20;24,81;31,88;29,51;34,58;41,44;40,35;;;;2,03;;10,39;14,36;32,75;70,2;6,49;3,9;2,91;;
06/02/20;23,34;31,15;28,93;34,06;41,12;40,35;;;;0,51;;8,14;13,25;40,9;71,65;9,07;1,64;1,76;;
07/02/20;22,18;30,58;28,57;33,72;40,87;40,31;;;;0;;1,28;14,75;38,85;94,25;12,86;0,24;1,08;0,94;0,53
08/02/20;21,07;30,01;28,15;33,32;40,54;40,19;;;;0;;-0,17;16,17;41,3;99,5;12,92;0,23;1,12;;
09/02/20;20,46;29,68;27,95;33,1;40,31;40,11;;;;0;;2,72;17,25;56,1;99,9;11,65;0,14;1,12;;
10/02/20;19,95;29,45;27,84;33,05;40,21;40,1;;;;0;;5,03;20,97;39,2;99,5;11,56;1,1;1,84;;
11/02/20;19,18;29,2;27,81;33,21;40,32;40,25;;;;0;;9,92;23,06;39,55;82,05;13,15;0,36;1,57;;
12/02/20;18,44;28,62;27,55;33,19;40,35;40,4;;;;0;;6,72;20,94;30,25;89,95;12,65;0,73;1,75;0,81;0,49
13/02/20;17,57;27,84;27,07;32,87;40,18;40,43;;;;0;;4,33;20,47;26,65;90,7;10,33;0,1;1,12;;
14/02/20;17,05;27,33;26,78;32,66;40,01;40,4;;;;0;;6,31;21,33;45,5;91,45;12,76;1,22;2,01;;
15/02/20;16,63;26,75;26,54;32,6;39,97;40,46;;;;0;;5,14;18,44;39,1;98,95;14,12;0,21;1,4;0,94;0,56
16/02/20;16,05;25,91;26,03;32,17;39,71;40,41;;;;0;;3,14;19,61;42,85;100;13,97;0,21;1,43;;
17/02/20;15,64;25,29;25,65;31,76;39,4;40,27;;;;0;;3;19,42;39,65;100;14,05;0,22;1,45;0,92;0,54
18/02/20;15,29;24,79;25,28;31,39;39,08;40,12;;;;0,25;;1,69;18,72;37,65;100;13,93;0,2;1,4;;
19/02/20;15,14;24,51;25,05;31,14;38,84;40,02;;;;0;;5,81;20,42;51,35;100;12,07;0,29;1,48;;
20/02/20;15,01;24,32;24,93;30,98;38,72;39,98;;;;0;;5,11;17,33;57,5;95,8;10,67;0,73;1,46;0,87;0,52
21/02/20;14,7;23,99;24,66;30,7;38,53;39,97;;;;0;;2,67;19,53;48,9;100;13,76;0,2;1,51;;
22/02/20;14,52;23,76;24,43;30,39;38,29;39,9;;;;0,25;;4,81;19,83;55,3;100;14,66;0,27;1,66;0,94;0,54
23/02/20;14,38;23,58;24,17;30,05;38,02;39,81;;;;0;;2,89;18,72;44,8;99,5;14,37;0,33;1,61;;
24/02/20;14,2;23,5;24,13;29,99;37,97;39,81;;;;0;;4,86;19,94;60,7;100;14,84;0,2;1,69;;
25/02/20;;;;;;;;;;0,25;;6,08;21,28;65,15;100;15,13;0,12;1,79;0,90;0,56
26/02/20;;;;;;;;;;0;;7,86;20,92;31,3;86,75;11,84;1,26;2,33;;
27/02/20;;;;;;;;;;0;;11,64;17,03;30,75;58,1;13,31;1,9;2,86;0,86;0,51
28/02/20;;;;;;;;;;0;;6,83;20,03;43;88,85;14,38;2,33;2,77;;
29/02/20;;;;;;;;;;0;;2,53;20;37,15;98,3;16,23;0,69;2,1;;
01/03/20;;;;;;;;;;0;;15,33;27,25;17,7;58,25;15,2;1,62;3,75;0,90;0,51
02/03/20;;;;;;;;;;0;;11,75;23,56;30;74,65;14,05;1,8;3,22;;
03/03/20;;;;;;;;;;0,76;;8,17;18,03;33,75;82,55;11,91;2,24;2,75;;
04/03/20;;;;;;;;;;2,29;;9,39;14,25;59,8;82,8;7,18;0,76;1,36;;
05/03/20;16,18;23,73;24,19;29,19;36,93;39,95;;;;0;;5,67;17,94;51,95;98,8;12,88;0,31;1,67;;
06/03/20;15,65;23,78;24,15;29,13;36,82;39,92;;;;0;;7,28;22,97;36,5;96,2;14,36;2,42;3,26;;
07/03/20;22,91;25,25;24,03;28,99;36,75;39,93;;;;2,79;;8,94;15,83;43,55;85,55;7,97;1,16;1,76;;
08/03/20;22,48;26,16;23,95;28,74;36,54;39,83;;;;4,57;;6,03;16;56,75;99,5;11,61;0,33;1,55;;
09/03/20;25,2;28,87;24;28,54;36,32;39,69;;;;3,81;;5,42;18,42;36;98,35;15,53;0,79;2,21;;
10/03/20;26,63;33,15;24,98;28,56;36,3;39,66;;;;7,62;;8,19;17,11;58,95;99,2;8,33;0,14;1,3;;
11/03/20;24,09;31,29;24,96;28,43;36,19;39,55;;;;0;;4,94;18,94;46,8;100;17,33;0,25;2,11;0,90;0,52
12/03/20;22,44;30,17;24,85;28,4;36,1;39,46;;;;0;;5,11;20,69;42,7;100;16,44;0,24;2,12;;
13/03/20;20,9;29,24;24,78;28,47;36,1;39,43;;;;0;;7,81;22;57,75;100;17,12;0,2;2,3;;
14/03/20;19,55;28,42;24,76;28,58;36,15;39,46;;;;0,25;;8,83;23;45,95;99,85;16,92;0,22;2,35;;
15/03/20;18,23;27,57;24,74;28,78;36,29;39,57;;;;0;;12,36;19,58;49,7;99,5;12,54;0,34;1,94;;
16/03/20;17,15;26,62;24,59;28,79;36,33;39,62;;;;0;;9,19;21,78;65,2;99,55;13,33;0,4;2,04;0,86;0,51
17/03/20;16,23;25,67;24,47;28,81;36,33;39,64;;;;0;;11,22;20,42;46,05;97,75;13,35;0,75;2,24;;
18/03/20;15,61;24,87;24,33;28,79;36,31;39,66;;;;0;;10,06;19,03;53,7;99,3;13,13;0,25;1,93;;
19/03/20;15,11;24,22;24,14;28,67;36,21;39,61;;;;0;;8,42;19,83;41,9;99,45;16,53;0,44;2,34;;
20/03/20;14,8;23,83;24,04;28,57;36,11;39,55;;;;0;;7,33;19,28;46,3;97,85;17,3;0,63;2,45;;
21/03/20;22,89;25,82;23,99;28,54;36,07;39,52;;;;7,62;;11,22;21,69;27,35;97,4;8,61;1,41;2,5;;
22/03/20;23,51;26,44;24,11;28,64;36,13;39,55;;;;0;;13,89;18,56;68,6;98,1;10,97;0,27;1,79;;
23/03/20;22,52;25,68;24,21;28,79;36,24;39,64;;;;2,54;;11,75;20,19;65,05;97,35;13,13;0,25;2,04;;
24/03/20;25,82;28,31;25,52;28,69;36,2;39,64;;;;0;;10,06;16,47;55,4;97,85;2,84;0,28;0,94;;
25/03/20;34,26;39,49;35,33;37,19;47,53;42,91;;;;97,28;;7,78;18,17;76,85;98,4;1,57;0,77;0,83;;
26/03/20;30,47;37,47;33,35;33,53;46,54;44,99;;;;23,62;;8,25;16,81;55,9;98,65;10,92;2,43;2,2;;
27/03/20;30,01;37,04;33;32,84;43,87;44,9;;;;3,81;;7,5;13,83;56,15;95,7;7,79;0,78;1,47;;
28/03/20;29,46;36,42;32,71;32,43;42,11;44,59;;;;2,29;;8,17;16,81;67,35;97,9;11,43;0,2;1,72;;
29/03/20;30,78;36,25;32,51;32,1;41,05;44,13;;;;1,27;;7,33;19,64;61;100;16,73;0,34;2,39;;
30/03/20;30,23;37,05;32,87;32,22;40,63;44,22;;;;5,33;;7,31;17,33;69,3;98,3;10,7;0,14;1,65;;
31/03/20;29,66;36,06;32,56;32,05;40,13;44,16;;;;0;;6,72;19,22;46,5;100;19,62;0,27;2,65;0,78;0,37
01/04/20;30,81;37,01;32,99;32,15;39,85;44,19;;;;5,33;;6,92;17,11;47,25;96,95;14,41;0,57;2,18;;
02/04/20;31,16;36,68;32,81;32,13;39,61;44,18;;;;1,78;;7,67;14,89;61,45;93,7;9,42;0,2;1,5;;
03/04/20;31,28;37,34;33,4;32,46;39,68;44,31;;;;7,62;;10,75;17,64;75,5;97,1;5,65;0,07;1,17;;
04/04/20;29,57;36,28;33,01;32,41;39,48;44,31;;;;0,25;;9,69;17,69;46,65;87,35;20,16;1,04;3;;
05/04/20;28,81;35,75;32,66;32,2;39,15;44,12;;;;0;;7,97;19,75;33,9;92,05;21,42;0,82;3,2;0,74;0,30
06/04/20;28,24;35,48;32,47;32,07;38,93;44,01;;;;0;;7,81;20,42;53,3;97,1;19,49;0,29;2,8;;
07/04/20;27,72;35,23;32,29;31,96;38,77;43,98;;;;0;;8,78;21,69;56,7;99,65;20,22;0,35;3;;
08/04/20;27;34,89;32,04;31,78;38,59;43,9;;;;0,25;;7,72;20,92;48,2;100;21,86;0,33;3,11;;
09/04/20;26,23;34,54;31,78;31,6;38,41;43,77;;;;0;;5,75;20,33;38,8;99,5;22,72;0,26;3,09;;
10/04/20;25,53;34,29;31,57;31,43;38,25;43,63;;;;0;;3,53;20,39;33,05;97,25;22,82;0,29;3,07;0,70;0,22
11/04/20;24,84;34,07;31,42;31,32;38,14;43,54;;;;0;;4,78;21,56;33,9;99,5;23,14;0,31;3,22;;
12/04/20;24,06;33,83;31,24;31,21;38,06;43,47;;;;0;;4,33;22,83;29,6;96,25;22,22;0,34;3,22;0,69;0,19
13/04/20;23,23;33,63;31,09;31,14;38,02;43,45;;;;0;;7,86;25,67;10,3;97,9;22,59;1,64;4,67;;
14/04/20;22,03;33,44;31;31,2;38,08;43,58;;;;0;;15,03;24,97;12,9;79,25;18,03;1,67;4,38;;
15/04/20;21,01;32,98;30,8;31,15;38,11;43,71;;;;0;;9,5;20,17;52,15;97,5;23,09;0,37;3,33;0,67;0,18
16/04/20;20,38;32,6;30,57;31,01;38,04;43,68;;;;0;;7,81;20,44;56,3;99,4;21,19;0,43;3,11;;
17/04/20;19,89;32,32;30,43;30,94;38;43,68;;;;0;;10,19;23,81;47;99,35;20,99;0,61;3,44;0,66;0,18
18/04/20;19,48;32;30,24;30,84;37,97;43,72;;;;0;;10,64;22,75;56,7;99,5;22,89;0,4;3,54;;
19/04/20;19,14;31,76;30,11;30,75;37,96;43,77;;;;0;;12,92;24,47;57,75;99,5;19,51;0,19;3,23;;
20/04/20;18,66;31,28;29,84;30,53;37,91;43,84;;;;0;;17,78;24,33;26,8;94,45;7,95;1,76;3,02;;
21/04/20;18,21;30,72;29,52;30,28;37,78;43,84;;;;0,25;;16,89;20,92;54,25;89,8;8,9;1,3;2,28;;
22/04/20;17,75;30,13;29,12;29,99;37,69;43,78;;;;1,02;;11,44;23,53;40,65;93,5;11,17;0,61;2,4;;
23/04/20;17,52;29,76;28,8;29,71;37,48;43,62;;;;0,25;;9,11;20,44;67,3;99,5;21,18;0,39;3,18;;
24/04/20;17,34;29,38;28,59;29,47;37,35;43,55;;;;0;;10,19;22,67;55,55;99,55;24,54;0,4;3,77;;
25/04/20;17,13;28,92;28,25;29,11;37,18;43,51;;;;0;;7,78;23,47;31,05;98,4;25,23;0,55;3,92;0,68;0,16
26/04/20;16,89;28,51;28;28,89;37,11;43,52;;;;0,76;;13,64;21,44;58,5;97;11;0,14;2,04;;
27/04/20;27,61;35,03;31,57;30,59;37,19;43,52;;;;0,25;20;13,69;24,36;57,3;99,75;23,35;0,38;3,86;0,62;0,14
28/04/20;30,25;36,91;33,1;31,83;37,95;43,76;;;;0;;13,39;24,67;50,15;99,75;17,14;0,13;2,96;;
29/04/20;28,81;35,66;32,45;31,52;38,28;43,92;;;;0,25;;17,08;23,19;40,65;74,7;18,79;1,3;3,89;;
30/04/20;27,4;34,94;31,87;31,2;38,31;43,98;;;;0;;11,53;24,81;40,8;83,95;25,22;0,63;4,19;0,68;0,18
01/05/20;26,03;34,67;31,34;30,86;38,25;43,96;;;;0;;11,08;25,44;33,05;87,95;27,09;1,41;4,91;;
02/05/20;24,62;34,37;30,88;30,64;38,18;44,03;;;;0;;17,39;28,06;30,1;59,75;21,41;2,1;5,47;;
03/05/20;23,11;33,63;30,33;30,25;38,09;44,11;;;;0;;16,42;26,11;42,5;74,05;22,81;1,81;4,83;;
04/05/20;22,14;32,94;29,84;29,95;38;44,13;;;;0;;12,5;24,14;60,1;94,7;27,29;0,35;4,38;;
05/05/20;21,38;32,36;29,37;29,61;37,85;44,1;;;;0;;10,14;26,19;34,15;98,25;27,51;0,24;4,35;0,69;0,18
06/05/20;20,86;32,01;29,01;29,33;37,76;44,11;;;;0,25;;11,64;26,92;41,45;95,5;25,27;0,25;4,2;;
07/05/20;20,32;31,54;28,62;29,09;37,71;44,23;;;;0;;14,78;23,75;61,95;95,45;25,64;0,56;4,26;0,62;0,15
08/05/20;19,63;30,82;28,12;28,64;37,53;44,22;;;;0;;12,83;23,53;54,6;99,5;27,34;0,45;4,39;;
09/05/20;31,14;38,51;34,43;33,5;40,23;44,96;;;;0;20;12,83;24,81;44,65;95,4;26,09;0,47;4,33;;
10/05/20;30,29;38,32;34,52;34,25;40,55;45,03;;;;0;;16,83;27,72;22,35;89,3;24,89;0,5;4,49;0,63;0,15
11/05/20;28,76;37,56;33,8;33,75;40,25;44,95;;;;0;;13,5;26,42;40,7;83,8;24,59;0,56;4,32;;
12/05/20;27,41;36,75;33,11;33,31;40,01;44,83;;;;0;;13,25;27,75;29,7;89,1;28,62;0,52;4,9;0,67;0,14
13/05/20;26;36,14;32,57;33,02;39,72;44,74;;;;0;;14,42;36,25;8,1;96,1;17,3;2,01;6,07;;
14/05/20;24,49;35,72;32,12;32,37;39,42;44,8;;;;7,87;;21,58;40,47;9,4;66,25;22,2;3,03;8,81;;
15/05/20;22,61;34,64;31,37;31,7;39,18;44,97;;;;0;;18,33;31,33;23;82,35;24,36;0,75;4,98;;
16/05/20;21,49;33,64;30,59;30,74;38,64;44,9;;;;0;;16,58;40,64;7,25;95,4;27,72;1,02;6,43;;
17/05/20;20,17;32,4;29,77;29,78;38,13;44,93;;;;0;;18,75;30,72;33,4;86,5;21,55;0,46;4,29;;
18/05/20;19;31,18;28,86;28,87;37,53;44,82;;;;0,51;;19,17;28;51,2;81,8;18,21;0,82;3,86;;
19/05/20;18,25;30,19;28;28,04;36,88;44,57;;;;0;;15,11;24,42;52,75;90,9;23,49;0,47;4,08;;
20/05/20;17,54;29,32;27,19;27,33;36,2;44,37;;;;0;;19,86;25,25;45,95;67,3;19,27;2,06;4,69;;
21/05/20;16,96;28,55;26,5;26,82;35,57;44,18;;;;0;;14,78;24,97;55,15;91,6;26,9;0,89;4,68;;
22/05/20;16,43;27,85;25,88;26,4;35,03;44,02;;;;0;;13,39;26;32,9;97,05;29,32;0,51;4,93;0,54;0,10
23/05/20;31,24;38,19;34,52;32,97;37,21;44,07;;;;0;24;11,11;27,19;28,2;96,2;29,22;0,35;4,82;;
24/05/20;29,6;37,68;34,56;34,47;38,93;44,33;;;;0;;12,22;26,89;43,7;85,05;28,74;0,29;4,79;;
25/05/20;27,61;36,59;33,58;33,69;38,94;44,39;;;;0;;13,28;26,83;41,95;85;26,64;0,41;4,6;;
26/05/20;25,44;35,53;32,71;32,92;38,72;44,4;;;;0,51;;14,36;25,97;48,3;96,25;29,6;0,45;5,02;;
27/05/20;23,39;34,33;31,69;31,86;38,24;44,28;;;;0;;13,56;23,53;41,95;95,4;29,53;0,54;4,81;0,57;0,14
28/05/20;21,82;33,36;30,8;30,81;37,67;44,12;;;;0;;12,53;24,28;43,3;91,9;29,39;0,5;4,8;;
29/05/20;20,43;32,38;29,9;29,82;37,14;43,99;;;;0;;10,61;24,61;34,85;92,8;29,6;0,55;4,81;;
30/05/20;19,27;31,39;29,05;28,92;36,59;43,89;;;;0;;13,33;23,97;43,25;76,6;24,03;0,48;4,12;0,57;0,13
31/05/20;18,46;30,54;28,29;28,28;36,17;43,81;;;;0,25;;13,53;22,58;58,5;90,55;12,66;0,47;2,51;;
01/06/20;17,86;29,77;27,52;27,65;35,62;43,64;;;;0;;11,47;24,61;50,05;97,45;29,71;0,38;4,82;0,58;0,14
02/06/20;17,27;29,05;26,85;27,23;35,2;43,6;;;;0;;13,64;25,17;41,85;98;29,85;0,48;4,98;;
03/06/20;16,72;28,32;26,19;26,93;34,84;43,57;;;;0;;15,92;25,58;42,3;79,35;29,94;0,68;5,2;;
04/06/20;17,38;27,83;25,7;26,76;34,51;43,54;;;;0;;15,17;32,64;22,45;75,7;29,27;1,82;6,76;0,60;0,18
05/06/20;25,76;27,16;25,16;26,71;34,49;43,57;;;;56,13;;19,19;23,81;52,7;95,95;10;2,05;2,86;;
06/06/20;23,76;27,03;24,83;26,52;34,25;43,36;;;;0;;17,61;25,94;41,85;86,1;27,71;1,62;5,41;0,63;0,18
07/06/20;21,39;27,05;24,72;26,53;34,16;43,24;;;;0;;14,58;28,08;44;95,7;24,3;0,16;4,31;;
08/06/20;19,69;26,93;24,6;26,53;34,08;43,21;;;;0,25;;17,03;26,58;50,15;89,4;23,74;0,43;4,35;;
09/06/20;18,35;26,6;24,36;26,41;33,93;43,12;;;-0,95;0,76;;16,19;29,36;43,55;96,7;22,77;0,62;4,47;;
10/06/20;17,42;26,29;24,1;26,18;33,66;42,93;;;;0;;14,47;26,03;34,5;86,05;29,57;1,17;5,42;;
11/06/20;16,79;26,07;23,95;26,05;33,47;42,79;;;;0;;14,81;24,86;40,4;84;24,96;0,34;4,28;;
12/06/20;16,41;25,92;23,84;25,95;33,34;42,69;;;;0;;12,81;27,19;34,45;96,05;30,4;0,41;5,15;;
13/06/20;16,04;25,86;23,84;25,93;33,27;42,66;;;;0;;16,03;32,25;28,6;91,3;21,58;0,23;4,16;;
14/06/20;15,72;25,72;23,77;25,91;33,23;42,64;;;;0;;17,28;27;55,9;95,7;27,68;0,56;5,02;0,60;0,17
15/06/20;29,25;37,04;33,69;32,83;33,06;42,55;;;-1,67;0;24;15,44;27,17;36,75;96,2;30,95;1,19;5,7;;
16/06/20;28,6;37,58;34,73;35,09;33,43;42,49;;;;0;;16,03;27,42;34,35;72,15;31,06;1,53;6,06;0,64;0,20
17/06/20;25,89;36,24;33,47;33,79;33,78;42,46;;;;0;;14,78;29,75;35,3;81,2;30,55;0,53;5,51;;
18/06/20;23,06;34,92;32,32;32,5;34,02;42,57;;;;0;;15,56;28,61;36,75;95,2;32,73;0,43;5,72;;
19/06/20;21,02;33,76;31,31;31,25;34,11;42,67;;;;0;;17,64;30,06;41,7;86,9;27,1;0,37;5,06;;
20/06/20;19,18;32,24;30,09;29,93;34,1;42,76;;;;0;;18,83;28;37,25;97,05;30,84;0,88;5,76;;
21/06/20;17,95;31,01;28,91;28,57;33,93;42,73;;;;0;;14,11;28,39;33,9;83,55;31,19;1,05;5,79;0,65;0,20
22/06/20;17,37;29,92;27,96;27,96;36,15;43,94;;;-1,19;0;5,12;14,56;26,36;58,25;85,9;29,03;0,65;5,08;;
23/06/20;16,89;29,02;27,22;27,72;36,65;44,34;;;;0;;18,36;30,69;32,8;88,6;28,28;0,54;5,4;;
24/06/20;16,47;28,18;26,51;28,43;40,43;45,92;;;-1,39;0;5,11;16,92;29,33;39,95;89,4;29,41;0,28;5,27;0,66;0,20
25/06/20;16,12;27,55;25,92;28,81;39,79;45,77;;;;0;;16,58;29,39;44,7;86,6;28,99;0,35;5,26;;
26/06/20;15,81;27,12;25,51;30,35;41,89;46,63;;;;0;5,34;18,17;30,78;37,2;90,4;29,27;0,32;5,41;0,62;0,18
27/06/20;15,57;26,88;25,26;30,59;40,66;46,19;;;;0;;17,64;31,33;36,3;89,8;28,4;0,25;5,24;;
28/06/20;15,37;26,74;25,1;30,17;39,59;46;;;;0;;19,44;29,17;64,2;91,8;27,51;0,36;5,21;;
29/06/20;15,15;26,62;24,96;31,12;41,73;46,74;;;-1,27;0;4,91;20,25;30,03;50,7;97,6;28,41;0,27;5,39;0,58;0,16
30/06/20;14,97;26,54;24,88;31,22;40,61;46,36;;;;0;;18,08;32,08;35,2;96,2;29,95;0,41;5,67;;
01/07/20;14,82;26,56;24,84;32,57;42,24;47,03;;;;0;5,14;17,72;32,83;36,95;86,9;29,52;0,38;5,61;0,63;0,18
02/07/20;14,74;26,69;24,89;32,57;40,91;46,47;;;;0;;18,33;32,36;36,55;87,85;29,58;0,38;5,6;;
03/07/20;14,62;26,68;24,89;34,09;42,4;47,06;;;-1,31;0;5,07;21,03;29,75;62,35;96,1;28,49;0,34;5,49;;
04/07/20;14,34;26,47;24,82;33,97;40,94;46,41;;;;0;;20,17;30;55,75;98,2;21,85;0,73;4,48;;
05/07/20;14,34;26,49;24,78;32,87;39,64;46,07;;;;0;;20,06;30,39;44,2;83,05;27,64;1,16;5,7;;
06/07/20;25,81;30,28;24,65;33,42;41,6;46,57;;;-1,46;0;13;19,58;32,22;36;90,95;29,61;0,85;5,97;0,60;0,16
07/07/20;28,37;31,02;24,63;33,84;40,88;46,1;;;;0;;16,97;29,94;47,7;86,05;29,62;0,46;5,45;;
08/07/20;24,95;29,89;24,81;36,48;42,35;46,68;;;-1;0;5,11;18,31;31,5;50,85;94,9;27,15;0,34;5,21;;
09/07/20;22,09;29,14;25,02;37,47;41,42;46,14;;;;0;;21,42;29,94;62,7;97,7;26,6;0,46;5,21;;
10/07/20;20,11;28,57;25,2;39,77;42,42;46,62;;;-1,08;0;5,16;21,89;30,39;60,85;97,55;27,98;0,39;5,48;;
11/07/20;18,93;28,15;25,33;39,6;41,39;46,08;;;;0;;19,86;30,39;56,4;95,35;28,31;0,36;5,41;;
12/07/20;18,05;27,81;25,4;38,31;40,56;45,86;;;;0;;19,39;31,75;43,8;94,65;28,97;0,45;5,58;;
13/07/20;17,61;27,68;25,45;38,98;42,02;46,34;;;-1,16;0;5,37;18,17;31,33;47,6;92,05;26,79;0,45;5,16;;
14/07/20;17,19;27,57;25,52;38,6;41,15;45,94;;;;0;;21,67;30,53;54,9;96,3;26,24;0,56;5,21;;
15/07/20;26,97;29,55;25,46;40,13;42,51;46,43;;;;22,61;4,71;21,42;29,75;57,4;97,8;15,16;0,28;3,22;;
16/07/20;29,8;30,63;25,59;40,46;41,74;45,77;;;;0,25;;20,61;29,53;57,25;99,5;28,18;0,37;5,36;0,51;0,07
17/07/20;26,53;29,85;25,69;40,06;41,27;45,49;;;;0;;20;28,64;58,1;97,65;22,8;0,41;4,4;;
18/07/20;25,67;30,93;25,74;39,32;40,72;45,25;;;;0;;20,78;29,19;56,25;96,45;23,55;0,58;4,63;;
19/07/20;31,2;37,85;26,06;38,75;40,32;45,09;;;;14,73;;21,36;29,22;49,95;98,75;27,29;0,59;5,26;0,57;0,08
20/07/20;27,73;35,79;26,39;40,39;42,1;45,73;;;-0,83;0;5,07;20,61;29,17;45,4;97,15;27,38;0,34;5,12;;
21/07/20;24,76;34,44;26,73;40,58;41,62;45,44;;;;0;;19,83;30,03;51,2;97,6;27,85;0,3;5,23;0,55;0,07
22/07/20;22,33;33,23;27,1;40,24;41,22;45,36;;;-0,83;0,25;;20,61;30,69;53,85;97,45;28,6;0,26;5,43;;
23/07/20;20,57;32,04;27,36;39,65;40,77;45,3;3,25;;;2,79;;20,11;31,06;47,1;97,05;29,04;0,3;5,47;;
24/07/20;19,49;30,95;27,42;38,72;40,18;45,18;;;-1;0;;18,14;33,67;27,55;87,1;28,88;0,29;5,32;0,62;0,11
25/07/20;18,89;30,24;27,52;37,84;39,57;45,06;;;;0;;20,11;31,94;43,3;88,2;28,47;0,4;5,44;;
26/07/20;18,4;29,69;27,52;36,83;38,84;44,93;;;;0;;20,14;31,28;45,4;94,85;28,83;0,28;5,41;0,62;0,11
27/07/20;18;29,25;27,45;36,59;40,92;45,53;;;-1,15;0;5,08;19,56;31,86;40,25;95,25;29,03;0,33;5,44;;
28/07/20;17,73;29,03;27,46;36,43;40,39;45,39;;;;0;;18,89;32,39;45,2;90,95;28,5;0,38;5,41;;
29/07/20;17,47;28,81;27,47;37,56;42,17;46,01;;;-1,14;0;5,01;20,39;32,47;44,05;92,35;28,31;0,38;5,45;0,61;0,10
30/07/20;17,25;28,59;27,5;37,55;41,2;45,63;3,25;;;0;;19,28;32,75;43,6;86,3;27,55;0,33;5,24;;
31/07/20;17;28,5;27,57;38,58;42,48;46,12;3,34;;-1,26;0;5,03;19,69;33,17;42,6;91,95;27,64;0,23;5,24;0,59;0,11
01/08/20;16,75;28,43;27,65;38,72;42,18;45,96;3,45;;;0;2,55;19,17;35,36;26,8;80,05;27,57;0,13;4,99;;
02/08/20;16,56;28,41;27,77;38,42;41,49;45,76;3,15;;;0;;19,36;33,08;41,05;86,55;26,97;0,23;5,06;;
03/08/20;16,35;28,24;27,92;39,43;42,52;46,05;3,54;;-1,38;0;5,04;20,61;33,5;51,45;94,45;26,49;0,37;5,25;0,61;0,12
04/08/20;16,2;28,09;27,9;39,36;41,92;45,84;3,26;;;0;;24,17;34,14;34,75;93,5;25,66;1,37;5,94;;
05/08/20;15,68;27,85;27,9;39,09;42,39;45,95;3,17;;;0;5,05;21,86;30,22;39,4;60,95;20,75;1,31;4,93;;
06/08/20;15,45;27,61;27,85;38,45;41,28;45,59;2,87;;;1,52;;20,06;29,22;44,05;86,1;22,92;0,71;4,52;;
07/08/20;15,56;27,64;27,9;38,84;42,41;45,87;3,19;;-1,47;0;5,03;19,75;30,89;48,4;91,65;26;0,65;5,03;;
08/08/20;15,63;27,77;28,08;38,86;42,21;45,74;3,38;;;0;2,53;20,69;32,39;42,6;96,55;26,21;0,58;5,17;0,60;0,11
09/08/20;15,57;27,81;28,24;38,62;41,69;45,59;3,28;;;0;;22,14;31,31;44,75;95,5;25,49;0,3;4,88;;
10/08/20;15,56;27,86;28,35;39,09;42,85;45,96;3,24;;-1,45;0;5,06;20,14;31,75;44,45;91;25,46;0,34;4,83;0,62;0,12
11/08/20;15,53;27,91;28,51;38,66;41,65;45,57;3,32;;;0;;20,81;32,31;50,25;95,55;25,45;0,34;4,92;;
12/08/20;15,44;27,85;28,56;39,01;43;46;3,75;;;0;5,14;20,47;31,69;49,1;89,25;25,54;0,31;4,83;;
13/08/20;15,4;27,88;28,64;38,43;41,65;45,54;3,79;;;0;;19,33;33,81;37,65;86,35;25,12;0,29;4,75;0,65;0,17
14/08/20;15,44;27,98;28,8;38,76;43,02;45,95;3,86;;-1,19;0;5,35;21,42;36;31,25;82,2;20,53;0,16;4,03;;
15/08/20;15,41;28,07;28,98;38,38;41,66;45,55;3,12;;;0;;22,64;32,17;50,35;91,15;22,4;0,34;4,46;0,56;0,13
16/08/20;15,44;28,07;29,05;37,28;40,07;45,17;3,6;;;0;;21,97;35,42;43,6;98,55;24,17;0,25;4,85;;
17/08/20;15,41;28,07;29,08;36,88;41,72;45,51;3,42;;-1,39;0;4,81;22,39;34,47;43,9;92,45;24,12;0,32;4,81;;
18/08/20;15,27;27,98;29,1;36,58;40,37;45,2;3,12;;;0;;22,22;31,75;54,5;98,05;23,35;0,35;4,59;;
19/08/20;15,24;27,9;29,04;36,55;41,8;45,49;3,09;;-1,51;0;5,04;21,44;32,31;46,5;97,8;24,47;0,45;4,77;;
20/08/20;15,28;27,92;29,1;36,34;40,32;45,13;3,19;;;0;;22,22;31,81;44,4;96,35;24,41;0,47;4,76;0,68;0,16
21/08/20;15,2;27,85;29,1;36,49;41,74;45,46;3,28;;-1,45;0;5,04;21,69;31,83;56,9;95,3;23,96;0,35;4,65;;
22/08/20;15,21;27,85;29,12;36,6;41,41;45,35;3,44;;;0;2,03;21,22;32,75;52,1;95,75;23,17;0,24;4,48;;
23/08/20;15,19;27,83;29,14;36,29;39,82;45;3,18;;;0;;22,83;31,56;58,45;95,15;22,39;0,32;4,4;0,67;0,17
24/08/20;15,11;27,74;28,91;36,18;41,11;45,26;3,31;;-1,44;0;4,76;21,69;31,14;54,15;95,95;23,46;0,39;4,5;;
25/08/20;15,06;27,69;28,8;36,02;39,68;44,88;3,19;;;0;;20,11;30,72;52,8;95,05;23,61;0,4;4,41;0,64;0,15
26/08/20;15,05;27,68;28,78;36,21;41,31;45,2;3,18;;-1,4;0;5,05;21,19;31,03;55,65;95,7;22,81;0,32;4,32;;
27/08/20;15;27,64;28,75;36,14;39,82;44,8;3,19;;;2,03;;20,17;31,06;55,6;99,3;23,35;0,31;4,36;;
28/08/20;14,98;27,58;28,7;36,15;41,1;45,08;3,7;;-1,53;0;5,26;18,31;32,92;37;88,6;23,1;0,27;4,19;0,63;0,12
29/08/20;15,09;27,7;28,83;36,09;39,48;44,67;3,79;;;0;;21,5;35,31;22,5;84,5;22,12;0,76;4,72;;
30/08/20;15,03;27,85;29,09;35,83;37,46;44,28;3,47;;;0;;26,39;39,89;19;83,15;20,17;1,31;5,62;;
31/08/20;14,78;27,66;28,88;35,72;38,46;44,46;2,05;;-1,32;1,02;4,84;23,03;32,83;48,45;89,55;16,26;0,53;3,52;;
01/09/20;14,68;27,47;28,49;35,45;37,74;44,18;2,82;;;0;;20,92;28,81;45,05;92,15;22,16;0,38;4;;
02/09/20;14,64;27,39;28,28;35,59;40,23;44,56;;;-1,15;0;5,5;20,72;29,25;53,65;84,35;12,16;0,19;2,47;;
03/09/20;14,66;27,39;28,23;35,73;39,29;44,26;;;;0;;21,17;28,31;57,4;94,3;10,49;0,2;2,21;;
04/09/20;14,65;27,38;28,18;35,97;41,08;44,66;;;-1,36;0;4,53;21,08;29,36;51,55;86,1;18,37;0,34;3,44;;
05/09/20;14,64;27,36;28,14;36;39,74;44,3;;;;0;;18,61;29,58;50,1;97,2;21,11;0,32;3,75;;
06/09/20;14,65;27,39;28,16;35,73;38,12;43,9;;;;0,51;;19,81;30,81;51,6;86,4;14,69;0,13;2,8;;
07/09/20;14,79;27,42;28,18;36;40,85;44,43;;;-1,16;2,79;5,34;21,94;30,53;46,35;95,95;12,2;0,26;2,55;;
08/09/20;15,03;27,47;28,2;36,12;40,39;44,25;;;;0,25;;22,89;30,5;61,9;99,75;19,85;0,31;3,8;;
09/09/20;15,02;27,54;28,39;36,81;42,23;44,78;;;-1,5;0;4,66;23,67;31,89;54,2;97,5;20,96;0,21;3,99;;
10/09/20;15,08;27,36;28,47;36,99;41,38;44,48;2,74;;;0;;21,89;30,94;56,9;99,6;17,57;0,28;3,38;;
11/09/20;15,29;27,18;28,4;36,74;40,4;44,35;2,18;;-1,13;4,57;0,94;20,75;29,39;56,65;93,15;11,18;0,23;2,3;;
12/09/20;15,58;26,97;28,23;36,48;40,72;44,33;2,11;;;6,1;;20,47;28,64;56,65;99,75;11,65;0,13;2,28;0,69;0,11
13/09/20;19,18;27,04;28,16;36,27;39,82;43,94;;;;1,78;;22,22;28,28;67,65;98,55;11,33;0,06;2,24;;
14/09/20;18,99;27,1;28,21;36,25;40,52;44,2;;;-1,26;0;3,1;21,86;29,47;64,7;100;10,65;0,15;2,18;;
15/09/20;;;;;;;;;;0,25;;21,75;30,78;46,75;99,95;18,25;0,2;3,33;;
16/09/20;17,95;27,05;28,17;36,4;39,76;43,77;;;-1,24;0;;21,72;29,58;56,05;98,6;15,66;0,22;2,93;;
17/09/20;17,69;27,17;28,33;36,16;38,67;43,53;;;;0;;23;31,06;49,45;82,1;18,19;0,82;3,73;;
18/09/20;17,33;27,09;28,33;36,12;40,46;44,06;;;-1,53;0;4,73;22,22;30,61;47,15;85,3;18,83;0,5;3,54;;
19/09/20;17,02;27;28,27;36,42;40,38;43,87;;;;0;;20,33;30,08;54,75;97,7;18,62;0,24;3,3;0,63;0,08
20/09/20;16,86;26,99;28,32;36,27;39,08;43,57;;;;0;;21,22;31;50,3;96,5;18,6;0,18;3,3;;
21/09/20;30,59;38,85;36,62;42,69;42,57;44,25;3,18;;;0;17,33;22,22;31,75;40,3;97,5;17,65;0,29;3,24;;
22/09/20;28,92;37,88;35,34;43,54;49,27;46,14;3,92;;;0;;23,47;30,28;53,4;85,4;14,27;0,15;2,67;;
23/09/20;28,52;37,7;35,44;44,08;49,48;46,21;;;-1,02;0;4,99;22,31;30,28;48,5;87,4;14,93;0,3;2,8;;
24/09/20;26,67;36,6;34,68;43,52;49,07;46,12;;;;0;;17,92;30,89;30,85;93,65;17,95;0,2;2,91;;
25/09/20;24,02;35,51;34,65;44,93;48,73;46,43;;;-1,25;0;5,02;20,53;34,33;26;86,75;18,18;2,64;5,57;;
26/09/20;21,75;34,15;33,67;43,89;47,02;45,89;;;;2,54;;18,58;24,19;33,45;62,8;14,26;3,02;4,49;;
27/09/20;21,15;33,34;32,91;43;46,1;45,57;;;;7,11;;18,97;26,44;35,3;73,2;12,22;1,89;3,55;0,65;0,09
28/09/20;20,72;32,64;32,89;44,63;46,4;46,04;2,07;;-1,06;0;5,28;18,53;25,03;34,25;59,85;15,1;1,32;3,36;;
29/09/20;20,12;32,2;33,01;44,29;45,14;45,53;;;;1,78;;18,53;27,08;46,45;82,4;14,66;1,12;3;0,48;0,13
30/09/20;19,49;31,78;33,71;45,93;45,01;45,96;;;-0,96;0;4,83;16,89;25,97;56,1;98,35;16,08;0,26;2,53;;
01/10/20;19,27;31,66;34,02;45,47;43,91;45,51;;;;0;;19,5;25,53;67,55;97,75;8,02;0,3;1,62;;
02/10/20;;;;;;;;;;0;;17,89;27,31;34,15;96,55;17,76;0,52;2,87;;
03/10/20;17,92;30,48;33,42;43,78;42,33;45,05;;;;0;;23,67;39;16,4;71,65;12,74;2,51;5,87;;
04/10/20;17,69;30,15;33,05;43,18;42;44,95;;;;0;;17,31;25,81;49,4;88,45;16,03;0,4;2,51;;
05/10/20;17,44;29,68;32,82;44,63;43,33;45,44;2,19;;-1,21;0;5,04;19,89;27,17;59,4;97,3;10,45;0,39;1,99;;
06/10/20;17,12;29,25;32,91;44,43;42,63;45,13;;;;0;;15,11;25,11;54,05;93,45;8,54;0,49;1,72;;
07/10/20;16,73;28,58;32,53;43,46;41,94;44,81;;;;0;;14,42;25,28;50,6;97,95;7,34;0,25;1,46;;
08/10/20;;;;;;;;;;0;;15,25;25,19;56,4;88,4;11,24;0,81;2,12;;
09/10/20;;;;;;;3,18;;;0;;14,69;24,83;47,5;97,2;15,49;0,25;2,19;;
10/10/20;;;;;;;3,23;;;0;;13,28;24,75;38,85;96,3;15,36;0,25;2,09;;
11/10/20;15,48;26,66;30,43;39,06;38,93;43,51;3,23;;;2,79;;14,06;24,86;51,35;99,05;12,97;0,25;1,92;;
12/10/20;18,9;26,17;29,7;37,95;38,35;43,29;2,84;;;16;;14,31;22,17;40,15;89,2;9,53;1,03;2,06;;
13/10/20;23,45;25,83;29,02;36,78;37,76;42,92;;;;5,08;;15,83;21,25;45,6;82,3;8,66;1,38;2,15;;
14/10/20;22,74;25,82;28,71;36,14;37,45;42,71;;;-1,21;0;;17,42;25,67;35,7;63,9;12,97;3,19;4,3;;
15/10/20;30,71;27,02;28,66;35,88;37,35;42,59;;;;10,41;;16,61;24,08;36;85,95;7,18;1,8;2,56;;
16/10/20;;;;;;;;;;0;;11,33;22,61;38,55;95,05;11,11;0,39;1,67;;
17/10/20;;;;;;;;;;0,51;;13,39;22,22;37,3;87,75;11,16;0,72;1,91;;
18/10/20;24,88;27,75;27,63;34,36;36,83;42,09;;;;2,79;;13,53;22,36;54,5;96,4;6,1;0,07;1,09;;
19/10/20;24,74;27,71;27,47;34,02;36,71;41,99;;;;0,25;;14,03;23,39;51,85;99,95;13,81;0,3;1,84;;
20/10/20;23,74;27,57;27,23;33,54;36,55;41,82;;;;0;;13,39;22,61;52;97,05;15,13;0,21;1,83;;
21/10/20;22,66;27,57;27,18;33,25;36,38;41,71;;;;0;;14,17;24,11;46;95,4;13,92;0,73;2,07;;
22/10/20;21,45;27,49;27,15;33,03;36,27;41,65;;;;0;;14,69;25,22;40,45;92,85;14,58;0,49;2,02;0,72;0,12
